url,verdict,coverageState,robotsTxtState,indexingState,pageFetchState,lastCrawlTime,googleCanonical,userCanonical,canonicalOk,inspectedAt
https://www.consignatarias.com.ar/productividad/buenos-aires,PASS,Enviada e indexada,ALLOWED,INDEXING_ALLOWED,SUCCESSFUL,2026-08-30T01:43:32Z,https://www.consignatarias.com.ar/productividad/buenos-aires,https://www.consignatarias.com.ar/productividad/buenos-aires,true,2026-09-18T03:00:07.411Z
https://www.consignatarias.com.ar/productividad/catamarca,NEUTRAL,Descubierta: actualmente sin indexar,ROBOTS_TXT_STATE_UNSPECIFIED,INDEXING_STATE_UNSPECIFIED,PAGE_FETCH_STATE_UNSPECIFIED,,,,,2026-09-18T03:00:07.503Z
https://www.consignatarias.com.ar/productividad/chubut,NEUTRAL,Google no reconoce esta URL,ROBOTS_TXT_STATE_UNSPECIFIED,INDEXING_STATE_UNSPECIFIED,PAGE_FETCH_STATE_UNSPECIFIED,,,,,2026-09-18T03:00:07.506Z
https://www.consignatarias.com.ar/productividad/chaco,NEUTRAL,Descubierta: actualmente sin indexar,ROBOTS_TXT_STATE_UNSPECIFIED,INDEXING_STATE_UNSPECIFIED,PAGE_FETCH_STATE_UNSPECIFIED,,,,,2026-09-18T03:00:07.747Z
https://www.consignatarias.com.ar/productividad/cordoba,PASS,Enviada e indexada,ALLOWED,INDEXING_ALLOWED,SUCCESSFUL,2026-09-11T21:10:36Z,https://www.consignatarias.com.ar/productividad/cordoba,https://www.consignatarias.com.ar/productividad/cordoba,true,2026-09-18T03:00:13.621Z
https://www.consignatarias.com.ar/productividad/entre-rios,NEUTRAL,Descubierta: actualmente sin indexar,ROBOTS_TXT_STATE_UNSPECIFIED,INDEXING_STATE_UNSPECIFIED,PAGE_FETCH_STATE_UNSPECIFIED,,,,,2026-09-18T03:00:13.796Z
https://www.consignatarias.com.ar/productividad/corrientes,NEUTRAL,Descubierta: actualmente sin indexar,ROBOTS_TXT_STATE_UNSPECIFIED,INDEXING_STATE_UNSPECIFIED,PAGE_FETCH_STATE_UNSPECIFIED,,,,,2026-09-18T03:00:13.938Z
https://www.consignatarias.com.ar/productividad/formosa,PASS,Enviada e indexada,ALLOWED,INDEXING_ALLOWED,SUCCESSFUL,2026-09-16T22:21:48Z,https://www.consignatarias.com.ar/productividad/formosa,https://www.consignatarias.com.ar/productividad/formosa,true,2026-09-18T03:00:14.057Z
https://www.consignatarias.com.ar/productividad/jujuy,PASS,Enviada e indexada,ALLOWED,INDEXING_ALLOWED,SUCCESSFUL,2026-08-30T19:49:22Z,https://www.consignatarias.com.ar/productividad/jujuy,https://www.consignatarias.com.ar/productividad/jujuy,true,2026-09-18T03:00:19.856Z
https://www.consignatarias.com.ar/productividad/la-pampa,NEUTRAL,Descubierta: actualmente sin indexar,ROBOTS_TXT_STATE_UNSPECIFIED,INDEXING_STATE_UNSPECIFIED,PAGE_FETCH_STATE_UNSPECIFIED,,,,,2026-09-18T03:00:20.050Z
https://www.consignatarias.com.ar/productividad/la-rioja,NEUTRAL,Descubierta: actualmente sin indexar,ROBOTS_TXT_STATE_UNSPECIFIED,INDEXING_STATE_UNSPECIFIED,PAGE_FETCH_STATE_UNSPECIFIED,,,,,2026-09-18T03:00:20.216Z
https://www.consignatarias.com.ar/productividad/mendoza,PASS,Enviada e indexada,ALLOWED,INDEXING_ALLOWED,SUCCESSFUL,2026-08-30T02:39:49Z,https://www.consignatarias.com.ar/productividad/mendoza,https://www.consignatarias.com.ar/productividad/mendoza,true,2026-09-18T03:00:20.341Z
https://www.consignatarias.com.ar/productividad/misiones,NEUTRAL,Descubierta: actualmente sin indexar,ROBOTS_TXT_STATE_UNSPECIFIED,INDEXING_STATE_UNSPECIFIED,PAGE_FETCH_STATE_UNSPECIFIED,,,,,2026-09-18T03:00:26.070Z
https://www.consignatarias.com.ar/productividad/neuquen,NEUTRAL,Descubierta: actualmente sin indexar,ROBOTS_TXT_STATE_UNSPECIFIED,INDEXING_STATE_UNSPECIFIED,PAGE_FETCH_STATE_UNSPECIFIED,,,,,2026-09-18T03:00:26.322Z
https://www.consignatarias.com.ar/productividad/rio-negro,NEUTRAL,Descubierta: actualmente sin indexar,ROBOTS_TXT_STATE_UNSPECIFIED,INDEXING_STATE_UNSPECIFIED,PAGE_FETCH_STATE_UNSPECIFIED,,,,,2026-09-18T03:00:26.409Z
https://www.consignatarias.com.ar/productividad/salta,PASS,Enviada e indexada,ALLOWED,INDEXING_ALLOWED,SUCCESSFUL,2026-09-16T00:24:44Z,https://www.consignatarias.com.ar/productividad/salta,https://www.consignatarias.com.ar/productividad/salta,true,2026-09-18T03:00:26.447Z
https://www.consignatarias.com.ar/productividad/san-juan,NEUTRAL,Descubierta: actualmente sin indexar,ROBOTS_TXT_STATE_UNSPECIFIED,INDEXING_STATE_UNSPECIFIED,PAGE_FETCH_STATE_UNSPECIFIED,,,,,2026-09-18T03:00:32.274Z
https://www.consignatarias.com.ar/productividad/san-luis,NEUTRAL,Google no reconoce esta URL,ROBOTS_TXT_STATE_UNSPECIFIED,INDEXING_STATE_UNSPECIFIED,PAGE_FETCH_STATE_UNSPECIFIED,,,,,2026-09-18T03:00:32.508Z
https://www.consignatarias.com.ar/productividad/santa-cruz,NEUTRAL,Google no reconoce esta URL,ROBOTS_TXT_STATE_UNSPECIFIED,INDEXING_STATE_UNSPECIFIED,PAGE_FETCH_STATE_UNSPECIFIED,,,,,2026-09-18T03:00:32.548Z
https://www.consignatarias.com.ar/productividad/santa-fe,NEUTRAL,Descubierta: actualmente sin indexar,ROBOTS_TXT_STATE_UNSPECIFIED,INDEXING_STATE_UNSPECIFIED,PAGE_FETCH_STATE_UNSPECIFIED,,,,,2026-09-18T03:00:32.663Z
https://www.consignatarias.com.ar/productividad/santiago-del-estero,PASS,Enviada e indexada,ALLOWED,INDEXING_ALLOWED,SUCCESSFUL,2026-09-14T21:32:22Z,https://www.consignatarias.com.ar/productividad/santiago-del-estero,https://www.consignatarias.com.ar/productividad/santiago-del-estero,true,2026-09-18T03:00:38.528Z
https://www.consignatarias.com.ar/productividad/tierra-del-fuego,PASS,Enviada e indexada,ALLOWED,INDEXING_ALLOWED,SUCCESSFUL,2026-09-17T23:05:08Z,https://www.consignatarias.com.ar/productividad/tierra-del-fuego,https://www.consignatarias.com.ar/productividad/tierra-del-fuego,true,2026-09-18T03:00:38.661Z
https://www.consignatarias.com.ar/productividad/tucuman,PASS,Enviada e indexada,ALLOWED,INDEXING_ALLOWED,SUCCESSFUL,2026-09-17T02:03:20Z,https://www.consignatarias.com.ar/productividad/tucuman,https://www.consignatarias.com.ar/productividad/tucuman,true,2026-09-18T03:00:38.714Z
https://www.consignatarias.com.ar/productividad/buenos-aires/adolfo-alsina,NEUTRAL,Google no reconoce esta URL,ROBOTS_TXT_STATE_UNSPECIFIED,INDEXING_STATE_UNSPECIFIED,PAGE_FETCH_STATE_UNSPECIFIED,,,,,2026-09-18T03:00:38.777Z
https://www.consignatarias.com.ar/productividad/buenos-aires/alberti,NEUTRAL,Descubierta: actualmente sin indexar,ROBOTS_TXT_STATE_UNSPECIFIED,INDEXING_STATE_UNSPECIFIED,PAGE_FETCH_STATE_UNSPECIFIED,,,,,2026-09-18T03:00:44.662Z
https://www.consignatarias.com.ar/productividad/buenos-aires/arrecifes,NEUTRAL,Google no reconoce esta URL,ROBOTS_TXT_STATE_UNSPECIFIED,INDEXING_STATE_UNSPECIFIED,PAGE_FETCH_STATE_UNSPECIFIED,,,,,2026-09-18T03:00:44.853Z
https://www.consignatarias.com.ar/productividad/buenos-aires/ameghino,PASS,Enviada e indexada,ALLOWED,INDEXING_ALLOWED,SUCCESSFUL,2026-09-17T08:04:31Z,https://www.consignatarias.com.ar/productividad/buenos-aires/ameghino,https://www.consignatarias.com.ar/productividad/buenos-aires/ameghino,true,2026-09-18T03:00:44.903Z
https://www.consignatarias.com.ar/productividad/buenos-aires/ayacucho,NEUTRAL,Descubierta: actualmente sin indexar,ROBOTS_TXT_STATE_UNSPECIFIED,INDEXING_STATE_UNSPECIFIED,PAGE_FETCH_STATE_UNSPECIFIED,,,,,2026-09-18T03:00:45.008Z
https://www.consignatarias.com.ar/productividad/buenos-aires/azul,NEUTRAL,Descubierta: actualmente sin indexar,ROBOTS_TXT_STATE_UNSPECIFIED,INDEXING_STATE_UNSPECIFIED,PAGE_FETCH_STATE_UNSPECIFIED,,,,,2026-09-18T03:00:50.882Z
https://www.consignatarias.com.ar/productividad/buenos-aires/bahia-blanca,NEUTRAL,Descubierta: actualmente sin indexar,ROBOTS_TXT_STATE_UNSPECIFIED,INDEXING_STATE_UNSPECIFIED,PAGE_FETCH_STATE_UNSPECIFIED,,,,,2026-09-18T03:00:51.037Z
https://www.consignatarias.com.ar/productividad/buenos-aires/baradero,NEUTRAL,Descubierta: actualmente sin indexar,ROBOTS_TXT_STATE_UNSPECIFIED,INDEXING_STATE_UNSPECIFIED,PAGE_FETCH_STATE_UNSPECIFIED,,,,,2026-09-18T03:00:51.137Z
https://www.consignatarias.com.ar/productividad/buenos-aires/balcarce,PASS,Enviada e indexada,ALLOWED,INDEXING_ALLOWED,SUCCESSFUL,2026-09-17T17:33:13Z,https://www.consignatarias.com.ar/productividad/buenos-aires/balcarce,https://www.consignatarias.com.ar/productividad/buenos-aires/balcarce,true,2026-09-18T03:00:51.227Z
https://www.consignatarias.com.ar/productividad/buenos-aires/berazategui,NEUTRAL,Google no reconoce esta URL,ROBOTS_TXT_STATE_UNSPECIFIED,INDEXING_STATE_UNSPECIFIED,PAGE_FETCH_STATE_UNSPECIFIED,,,,,2026-09-18T03:00:57.223Z
https://www.consignatarias.com.ar/productividad/buenos-aires/benito-juarez,PASS,Enviada e indexada,ALLOWED,INDEXING_ALLOWED,SUCCESSFUL,2026-08-30T01:02:02Z,https://www.consignatarias.com.ar/productividad/buenos-aires/benito-juarez,https://www.consignatarias.com.ar/productividad/buenos-aires/benito-juarez,true,2026-09-18T03:00:57.274Z
https://www.consignatarias.com.ar/productividad/buenos-aires/berisso,PASS,Enviada e indexada,ALLOWED,INDEXING_ALLOWED,SUCCESSFUL,2026-09-16T10:49:24Z,https://www.consignatarias.com.ar/productividad/buenos-aires/berisso,https://www.consignatarias.com.ar/productividad/buenos-aires/berisso,true,2026-09-18T03:00:57.342Z
https://www.consignatarias.com.ar/productividad/buenos-aires/bolivar,NEUTRAL,Descubierta: actualmente sin indexar,ROBOTS_TXT_STATE_UNSPECIFIED,INDEXING_STATE_UNSPECIFIED,PAGE_FETCH_STATE_UNSPECIFIED,,,,,2026-09-18T03:00:57.472Z
https://www.consignatarias.com.ar/productividad/buenos-aires/bragado,NEUTRAL,Google no reconoce esta URL,ROBOTS_TXT_STATE_UNSPECIFIED,INDEXING_STATE_UNSPECIFIED,PAGE_FETCH_STATE_UNSPECIFIED,,,,,2026-09-18T03:01:03.444Z
https://www.consignatarias.com.ar/productividad/buenos-aires/campana,PASS,Enviada e indexada,ALLOWED,INDEXING_ALLOWED,SUCCESSFUL,2026-09-13T22:43:28Z,https://www.consignatarias.com.ar/productividad/buenos-aires/campana,https://www.consignatarias.com.ar/productividad/buenos-aires/campana,true,2026-09-18T03:01:03.464Z
https://www.consignatarias.com.ar/productividad/buenos-aires/canuelas,NEUTRAL,Google no reconoce esta URL,ROBOTS_TXT_STATE_UNSPECIFIED,INDEXING_STATE_UNSPECIFIED,PAGE_FETCH_STATE_UNSPECIFIED,,,,,2026-09-18T03:01:03.764Z
https://www.consignatarias.com.ar/productividad/buenos-aires/capitan-sarmiento,NEUTRAL,Descubierta: actualmente sin indexar,ROBOTS_TXT_STATE_UNSPECIFIED,INDEXING_STATE_UNSPECIFIED,PAGE_FETCH_STATE_UNSPECIFIED,,,,,2026-09-18T03:01:03.933Z
https://www.consignatarias.com.ar/productividad/buenos-aires/carlos-casares,NEUTRAL,Descubierta: actualmente sin indexar,ROBOTS_TXT_STATE_UNSPECIFIED,INDEXING_STATE_UNSPECIFIED,PAGE_FETCH_STATE_UNSPECIFIED,,,,,2026-09-18T03:01:09.678Z
https://www.consignatarias.com.ar/productividad/buenos-aires/carlos-tejedor,PASS,Enviada e indexada,ALLOWED,INDEXING_ALLOWED,SUCCESSFUL,2026-09-15T10:44:04Z,https://www.consignatarias.com.ar/productividad/buenos-aires/carlos-tejedor,https://www.consignatarias.com.ar/productividad/buenos-aires/carlos-tejedor,true,2026-09-18T03:01:09.876Z
https://www.consignatarias.com.ar/productividad/buenos-aires/carmen-de-areco,NEUTRAL,Google no reconoce esta URL,ROBOTS_TXT_STATE_UNSPECIFIED,INDEXING_STATE_UNSPECIFIED,PAGE_FETCH_STATE_UNSPECIFIED,,,,,2026-09-18T03:01:10.132Z
https://www.consignatarias.com.ar/productividad/buenos-aires/castelli,PASS,Enviada e indexada,ALLOWED,INDEXING_ALLOWED,SUCCESSFUL,2026-09-13T06:01:03Z,https://www.consignatarias.com.ar/productividad/buenos-aires/castelli,https://www.consignatarias.com.ar/productividad/buenos-aires/castelli,true,2026-09-18T03:01:10.262Z
https://www.consignatarias.com.ar/productividad/buenos-aires/chacabuco,NEUTRAL,Descubierta: actualmente sin indexar,ROBOTS_TXT_STATE_UNSPECIFIED,INDEXING_STATE_UNSPECIFIED,PAGE_FETCH_STATE_UNSPECIFIED,,,,,2026-09-18T03:01:15.993Z
https://www.consignatarias.com.ar/productividad/buenos-aires/chascomus,NEUTRAL,Descubierta: actualmente sin indexar,ROBOTS_TXT_STATE_UNSPECIFIED,INDEXING_STATE_UNSPECIFIED,PAGE_FETCH_STATE_UNSPECIFIED,,,,,2026-09-18T03:01:16.231Z
https://www.consignatarias.com.ar/productividad/buenos-aires/chivilcoy,NEUTRAL,Descubierta: actualmente sin indexar,ROBOTS_TXT_STATE_UNSPECIFIED,INDEXING_STATE_UNSPECIFIED,PAGE_FETCH_STATE_UNSPECIFIED,,,,,2026-09-18T03:01:16.468Z
https://www.consignatarias.com.ar/productividad/buenos-aires/colon,NEUTRAL,Descubierta: actualmente sin indexar,ROBOTS_TXT_STATE_UNSPECIFIED,INDEXING_STATE_UNSPECIFIED,PAGE_FETCH_STATE_UNSPECIFIED,,,,,2026-09-18T03:01:16.550Z
https://www.consignatarias.com.ar/productividad/buenos-aires/coronel-brandsen,PASS,Enviada e indexada,ALLOWED,INDEXING_ALLOWED,SUCCESSFUL,2026-09-17T10:41:15Z,https://www.consignatarias.com.ar/productividad/buenos-aires/coronel-brandsen,https://www.consignatarias.com.ar/productividad/buenos-aires/coronel-brandsen,true,2026-09-18T03:01:22.440Z
https://www.consignatarias.com.ar/productividad/buenos-aires/coronel-dorrego,NEUTRAL,Descubierta: actualmente sin indexar,ROBOTS_TXT_STATE_UNSPECIFIED,INDEXING_STATE_UNSPECIFIED,PAGE_FETCH_STATE_UNSPECIFIED,,,,,2026-09-18T03:01:22.620Z
https://www.consignatarias.com.ar/productividad/buenos-aires/coronel-pringles,PASS,Enviada e indexada,ALLOWED,INDEXING_ALLOWED,SUCCESSFUL,2026-09-17T13:48:50Z,https://www.consignatarias.com.ar/productividad/buenos-aires/coronel-pringles,https://www.consignatarias.com.ar/productividad/buenos-aires/coronel-pringles,true,2026-09-18T03:01:22.900Z
https://www.consignatarias.com.ar/productividad/buenos-aires/coronel-rosales,NEUTRAL,Descubierta: actualmente sin indexar,ROBOTS_TXT_STATE_UNSPECIFIED,INDEXING_STATE_UNSPECIFIED,PAGE_FETCH_STATE_UNSPECIFIED,,,,,2026-09-18T03:01:22.936Z
https://www.consignatarias.com.ar/productividad/buenos-aires/coronel-suarez,NEUTRAL,Descubierta: actualmente sin indexar,ROBOTS_TXT_STATE_UNSPECIFIED,INDEXING_STATE_UNSPECIFIED,PAGE_FETCH_STATE_UNSPECIFIED,,,,,2026-09-18T03:01:28.577Z
https://www.consignatarias.com.ar/productividad/buenos-aires/daireaux,PASS,Enviada e indexada,ALLOWED,INDEXING_ALLOWED,SUCCESSFUL,2026-09-16T23:55:38Z,https://www.consignatarias.com.ar/productividad/buenos-aires/daireaux,https://www.consignatarias.com.ar/productividad/buenos-aires/daireaux,true,2026-09-18T03:01:28.791Z
https://www.consignatarias.com.ar/productividad/buenos-aires/dolores,NEUTRAL,Descubierta: actualmente sin indexar,ROBOTS_TXT_STATE_UNSPECIFIED,INDEXING_STATE_UNSPECIFIED,PAGE_FETCH_STATE_UNSPECIFIED,,,,,2026-09-18T03:01:29.279Z
https://www.consignatarias.com.ar/productividad/buenos-aires/ensenada,PASS,Enviada e indexada,ALLOWED,INDEXING_ALLOWED,SUCCESSFUL,2026-09-17T08:05:52Z,https://www.consignatarias.com.ar/productividad/buenos-aires/ensenada,https://www.consignatarias.com.ar/productividad/buenos-aires/ensenada,true,2026-09-18T03:01:29.465Z
https://www.consignatarias.com.ar/productividad/buenos-aires/escobar,PASS,Enviada e indexada,ALLOWED,INDEXING_ALLOWED,SUCCESSFUL,2026-09-15T14:31:22Z,https://www.consignatarias.com.ar/productividad/buenos-aires/escobar,https://www.consignatarias.com.ar/productividad/buenos-aires/escobar,true,2026-09-18T03:01:34.754Z
https://www.consignatarias.com.ar/productividad/buenos-aires/esteban-echeverria,NEUTRAL,Google no reconoce esta URL,ROBOTS_TXT_STATE_UNSPECIFIED,INDEXING_STATE_UNSPECIFIED,PAGE_FETCH_STATE_UNSPECIFIED,,,,,2026-09-18T03:01:34.969Z
https://www.consignatarias.com.ar/productividad/buenos-aires/exaltacion-de-la-cruz,NEUTRAL,Descubierta: actualmente sin indexar,ROBOTS_TXT_STATE_UNSPECIFIED,INDEXING_STATE_UNSPECIFIED,PAGE_FETCH_STATE_UNSPECIFIED,,,,,2026-09-18T03:01:35.476Z
https://www.consignatarias.com.ar/productividad/buenos-aires/ezeiza,NEUTRAL,Descubierta: actualmente sin indexar,ROBOTS_TXT_STATE_UNSPECIFIED,INDEXING_STATE_UNSPECIFIED,PAGE_FETCH_STATE_UNSPECIFIED,,,,,2026-09-18T03:01:35.601Z
https://www.consignatarias.com.ar/productividad/buenos-aires/florencio-varela,NEUTRAL,Descubierta: actualmente sin indexar,ROBOTS_TXT_STATE_UNSPECIFIED,INDEXING_STATE_UNSPECIFIED,PAGE_FETCH_STATE_UNSPECIFIED,,,,,2026-09-18T03:01:40.983Z
https://www.consignatarias.com.ar/productividad/buenos-aires/general-alvarado,NEUTRAL,Descubierta: actualmente sin indexar,ROBOTS_TXT_STATE_UNSPECIFIED,INDEXING_STATE_UNSPECIFIED,PAGE_FETCH_STATE_UNSPECIFIED,,,,,2026-09-18T03:01:41.108Z
https://www.consignatarias.com.ar/productividad/buenos-aires/general-arenales,NEUTRAL,Descubierta: actualmente sin indexar,ROBOTS_TXT_STATE_UNSPECIFIED,INDEXING_STATE_UNSPECIFIED,PAGE_FETCH_STATE_UNSPECIFIED,,,,,2026-09-18T03:01:41.782Z
https://www.consignatarias.com.ar/productividad/buenos-aires/general-alvear,PASS,Enviada e indexada,ALLOWED,INDEXING_ALLOWED,SUCCESSFUL,2026-09-17T18:33:35Z,https://www.consignatarias.com.ar/productividad/buenos-aires/general-alvear,https://www.consignatarias.com.ar/productividad/buenos-aires/general-alvear,true,2026-09-18T03:01:42.028Z
https://www.consignatarias.com.ar/productividad/buenos-aires/general-belgrano,PASS,Enviada e indexada,ALLOWED,INDEXING_ALLOWED,SUCCESSFUL,2026-09-17T08:03:00Z,https://www.consignatarias.com.ar/productividad/buenos-aires/general-belgrano,https://www.consignatarias.com.ar/productividad/buenos-aires/general-belgrano,true,2026-09-18T03:01:47.146Z
https://www.consignatarias.com.ar/productividad/buenos-aires/general-guido,PASS,Enviada e indexada,ALLOWED,INDEXING_ALLOWED,SUCCESSFUL,2026-08-30T22:53:36Z,https://www.consignatarias.com.ar/productividad/buenos-aires/general-guido,https://www.consignatarias.com.ar/productividad/buenos-aires/general-guido,true,2026-09-18T03:01:47.226Z
https://www.consignatarias.com.ar/productividad/buenos-aires/general-la-madrid,NEUTRAL,Descubierta: actualmente sin indexar,ROBOTS_TXT_STATE_UNSPECIFIED,INDEXING_STATE_UNSPECIFIED,PAGE_FETCH_STATE_UNSPECIFIED,,,,,2026-09-18T03:01:47.960Z
https://www.consignatarias.com.ar/productividad/buenos-aires/general-las-heras,NEUTRAL,Descubierta: actualmente sin indexar,ROBOTS_TXT_STATE_UNSPECIFIED,INDEXING_STATE_UNSPECIFIED,PAGE_FETCH_STATE_UNSPECIFIED,,,,,2026-09-18T03:01:48.217Z
https://www.consignatarias.com.ar/productividad/buenos-aires/general-lavalle,PASS,Enviada e indexada,ALLOWED,INDEXING_ALLOWED,SUCCESSFUL,2026-08-30T22:27:30Z,https://www.consignatarias.com.ar/productividad/buenos-aires/general-lavalle,https://www.consignatarias.com.ar/productividad/buenos-aires/general-lavalle,true,2026-09-18T03:01:53.273Z
https://www.consignatarias.com.ar/productividad/buenos-aires/general-madariaga,NEUTRAL,Descubierta: actualmente sin indexar,ROBOTS_TXT_STATE_UNSPECIFIED,INDEXING_STATE_UNSPECIFIED,PAGE_FETCH_STATE_UNSPECIFIED,,,,,2026-09-18T03:01:53.435Z
https://www.consignatarias.com.ar/productividad/buenos-aires/general-paz,NEUTRAL,Descubierta: actualmente sin indexar,ROBOTS_TXT_STATE_UNSPECIFIED,INDEXING_STATE_UNSPECIFIED,PAGE_FETCH_STATE_UNSPECIFIED,,,,,2026-09-18T03:01:54.115Z
https://www.consignatarias.com.ar/productividad/buenos-aires/general-pinto,NEUTRAL,Descubierta: actualmente sin indexar,ROBOTS_TXT_STATE_UNSPECIFIED,INDEXING_STATE_UNSPECIFIED,PAGE_FETCH_STATE_UNSPECIFIED,,,,,2026-09-18T03:01:54.323Z
https://www.consignatarias.com.ar/productividad/buenos-aires/general-pueyrredon,NEUTRAL,Descubierta: actualmente sin indexar,ROBOTS_TXT_STATE_UNSPECIFIED,INDEXING_STATE_UNSPECIFIED,PAGE_FETCH_STATE_UNSPECIFIED,,,,,2026-09-18T03:01:59.561Z
https://www.consignatarias.com.ar/productividad/buenos-aires/general-rodriguez,NEUTRAL,Google no reconoce esta URL,ROBOTS_TXT_STATE_UNSPECIFIED,INDEXING_STATE_UNSPECIFIED,PAGE_FETCH_STATE_UNSPECIFIED,,,,,2026-09-18T03:01:59.572Z
https://www.consignatarias.com.ar/productividad/buenos-aires/general-viamonte,PASS,Enviada e indexada,ALLOWED,INDEXING_ALLOWED,SUCCESSFUL,2026-09-13T15:13:51Z,https://www.consignatarias.com.ar/productividad/buenos-aires/general-viamonte,https://www.consignatarias.com.ar/productividad/buenos-aires/general-viamonte,true,2026-09-18T03:02:00.285Z
https://www.consignatarias.com.ar/productividad/buenos-aires/general-villegas,NEUTRAL,Descubierta: actualmente sin indexar,ROBOTS_TXT_STATE_UNSPECIFIED,INDEXING_STATE_UNSPECIFIED,PAGE_FETCH_STATE_UNSPECIFIED,,,,,2026-09-18T03:02:00.448Z
https://www.consignatarias.com.ar/productividad/buenos-aires/gonzales-chaves,PASS,Enviada e indexada,ALLOWED,INDEXING_ALLOWED,SUCCESSFUL,2026-09-13T10:45:14Z,https://www.consignatarias.com.ar/productividad/buenos-aires/gonzales-chaves,https://www.consignatarias.com.ar/productividad/buenos-aires/gonzales-chaves,true,2026-09-18T03:02:05.744Z
https://www.consignatarias.com.ar/productividad/buenos-aires/guamini,NEUTRAL,Google no reconoce esta URL,ROBOTS_TXT_STATE_UNSPECIFIED,INDEXING_STATE_UNSPECIFIED,PAGE_FETCH_STATE_UNSPECIFIED,,,,,2026-09-18T03:02:05.782Z
https://www.consignatarias.com.ar/productividad/buenos-aires/hipolito-yrigoyen,PASS,Enviada e indexada,ALLOWED,INDEXING_ALLOWED,SUCCESSFUL,2026-09-14T08:12:11Z,https://www.consignatarias.com.ar/productividad/buenos-aires/hipolito-yrigoyen,https://www.consignatarias.com.ar/productividad/buenos-aires/hipolito-yrigoyen,true,2026-09-18T03:02:06.501Z
https://www.consignatarias.com.ar/productividad/buenos-aires/junin,NEUTRAL,Descubierta: actualmente sin indexar,ROBOTS_TXT_STATE_UNSPECIFIED,INDEXING_STATE_UNSPECIFIED,PAGE_FETCH_STATE_UNSPECIFIED,,,,,2026-09-18T03:02:06.560Z
https://www.consignatarias.com.ar/productividad/buenos-aires/la-matanza,PASS,Enviada e indexada,ALLOWED,INDEXING_ALLOWED,SUCCESSFUL,2026-09-17T04:07:53Z,https://www.consignatarias.com.ar/productividad/buenos-aires/la-matanza,https://www.consignatarias.com.ar/productividad/buenos-aires/la-matanza,true,2026-09-18T03:02:11.922Z
https://www.consignatarias.com.ar/productividad/buenos-aires/la-plata,NEUTRAL,Descubierta: actualmente sin indexar,ROBOTS_TXT_STATE_UNSPECIFIED,INDEXING_STATE_UNSPECIFIED,PAGE_FETCH_STATE_UNSPECIFIED,,,,,2026-09-18T03:02:12.098Z
https://www.consignatarias.com.ar/productividad/buenos-aires/las-flores,NEUTRAL,Descubierta: actualmente sin indexar,ROBOTS_TXT_STATE_UNSPECIFIED,INDEXING_STATE_UNSPECIFIED,PAGE_FETCH_STATE_UNSPECIFIED,,,,,2026-09-18T03:02:12.756Z
https://www.consignatarias.com.ar/productividad/buenos-aires/laprida,NEUTRAL,Descubierta: actualmente sin indexar,ROBOTS_TXT_STATE_UNSPECIFIED,INDEXING_STATE_UNSPECIFIED,PAGE_FETCH_STATE_UNSPECIFIED,,,,,2026-09-18T03:02:12.853Z
https://www.consignatarias.com.ar/productividad/buenos-aires/leandro-n-alem,NEUTRAL,Descubierta: actualmente sin indexar,ROBOTS_TXT_STATE_UNSPECIFIED,INDEXING_STATE_UNSPECIFIED,PAGE_FETCH_STATE_UNSPECIFIED,,,,,2026-09-18T03:02:18.088Z
https://www.consignatarias.com.ar/productividad/buenos-aires/lezama,NEUTRAL,Descubierta: actualmente sin indexar,ROBOTS_TXT_STATE_UNSPECIFIED,INDEXING_STATE_UNSPECIFIED,PAGE_FETCH_STATE_UNSPECIFIED,,,,,2026-09-18T03:02:18.279Z
https://www.consignatarias.com.ar/productividad/buenos-aires/lincoln,NEUTRAL,Descubierta: actualmente sin indexar,ROBOTS_TXT_STATE_UNSPECIFIED,INDEXING_STATE_UNSPECIFIED,PAGE_FETCH_STATE_UNSPECIFIED,,,,,2026-09-18T03:02:18.927Z
https://www.consignatarias.com.ar/productividad/buenos-aires/loberia,PASS,Enviada e indexada,ALLOWED,INDEXING_ALLOWED,SUCCESSFUL,2026-09-15T13:00:37Z,https://www.consignatarias.com.ar/productividad/buenos-aires/loberia,https://www.consignatarias.com.ar/productividad/buenos-aires/loberia,true,2026-09-18T03:02:19.117Z
https://www.consignatarias.com.ar/productividad/buenos-aires/lobos,NEUTRAL,Google no reconoce esta URL,ROBOTS_TXT_STATE_UNSPECIFIED,INDEXING_STATE_UNSPECIFIED,PAGE_FETCH_STATE_UNSPECIFIED,,,,,2026-09-18T03:02:24.199Z
https://www.consignatarias.com.ar/productividad/buenos-aires/lujan,NEUTRAL,Descubierta: actualmente sin indexar,ROBOTS_TXT_STATE_UNSPECIFIED,INDEXING_STATE_UNSPECIFIED,PAGE_FETCH_STATE_UNSPECIFIED,,,,,2026-09-18T03:02:24.486Z
https://www.consignatarias.com.ar/productividad/buenos-aires/magdalena,NEUTRAL,Descubierta: actualmente sin indexar,ROBOTS_TXT_STATE_UNSPECIFIED,INDEXING_STATE_UNSPECIFIED,PAGE_FETCH_STATE_UNSPECIFIED,,,,,2026-09-18T03:02:25.108Z
https://www.consignatarias.com.ar/productividad/buenos-aires/maipu,PASS,Enviada e indexada,ALLOWED,INDEXING_ALLOWED,SUCCESSFUL,2026-09-11T13:33:02Z,https://www.consignatarias.com.ar/productividad/buenos-aires/maipu,https://www.consignatarias.com.ar/productividad/buenos-aires/maipu,true,2026-09-18T03:02:25.276Z
https://www.consignatarias.com.ar/productividad/buenos-aires/mar-chiquita,NEUTRAL,Descubierta: actualmente sin indexar,ROBOTS_TXT_STATE_UNSPECIFIED,INDEXING_STATE_UNSPECIFIED,PAGE_FETCH_STATE_UNSPECIFIED,,,,,2026-09-18T03:02:30.399Z
https://www.consignatarias.com.ar/productividad/buenos-aires/marcos-paz,PASS,Enviada e indexada,ALLOWED,INDEXING_ALLOWED,SUCCESSFUL,2026-08-30T23:03:35Z,https://www.consignatarias.com.ar/productividad/buenos-aires/marcos-paz,https://www.consignatarias.com.ar/productividad/buenos-aires/marcos-paz,true,2026-09-18T03:02:30.669Z
https://www.consignatarias.com.ar/productividad/buenos-aires/mercedes,NEUTRAL,Descubierta: actualmente sin indexar,ROBOTS_TXT_STATE_UNSPECIFIED,INDEXING_STATE_UNSPECIFIED,PAGE_FETCH_STATE_UNSPECIFIED,,,,,2026-09-18T03:02:31.221Z
https://www.consignatarias.com.ar/productividad/buenos-aires/merlo,NEUTRAL,Descubierta: actualmente sin indexar,ROBOTS_TXT_STATE_UNSPECIFIED,INDEXING_STATE_UNSPECIFIED,PAGE_FETCH_STATE_UNSPECIFIED,,,,,2026-09-18T03:02:31.403Z
https://www.consignatarias.com.ar/productividad/buenos-aires/monte,NEUTRAL,Google no reconoce esta URL,ROBOTS_TXT_STATE_UNSPECIFIED,INDEXING_STATE_UNSPECIFIED,PAGE_FETCH_STATE_UNSPECIFIED,,,,,2026-09-18T03:02:36.828Z
https://www.consignatarias.com.ar/productividad/buenos-aires/navarro,NEUTRAL,Descubierta: actualmente sin indexar,ROBOTS_TXT_STATE_UNSPECIFIED,INDEXING_STATE_UNSPECIFIED,PAGE_FETCH_STATE_UNSPECIFIED,,,,,2026-09-18T03:02:36.867Z
https://www.consignatarias.com.ar/productividad/buenos-aires/necochea,NEUTRAL,Descubierta: actualmente sin indexar,ROBOTS_TXT_STATE_UNSPECIFIED,INDEXING_STATE_UNSPECIFIED,PAGE_FETCH_STATE_UNSPECIFIED,,,,,2026-09-18T03:02:37.602Z
https://www.consignatarias.com.ar/productividad/buenos-aires/nueve-de-julio,NEUTRAL,Descubierta: actualmente sin indexar,ROBOTS_TXT_STATE_UNSPECIFIED,INDEXING_STATE_UNSPECIFIED,PAGE_FETCH_STATE_UNSPECIFIED,,,,,2026-09-18T03:02:37.633Z
https://www.consignatarias.com.ar/productividad/buenos-aires/patagones,NEUTRAL,Google no reconoce esta URL,ROBOTS_TXT_STATE_UNSPECIFIED,INDEXING_STATE_UNSPECIFIED,PAGE_FETCH_STATE_UNSPECIFIED,,,,,2026-09-18T03:02:43.009Z
https://www.consignatarias.com.ar/productividad/buenos-aires/olavarria,NEUTRAL,Descubierta: actualmente sin indexar,ROBOTS_TXT_STATE_UNSPECIFIED,INDEXING_STATE_UNSPECIFIED,PAGE_FETCH_STATE_UNSPECIFIED,,,,,2026-09-18T03:02:43.108Z
https://www.consignatarias.com.ar/productividad/buenos-aires/pellegrini,NEUTRAL,Descubierta: actualmente sin indexar,ROBOTS_TXT_STATE_UNSPECIFIED,INDEXING_STATE_UNSPECIFIED,PAGE_FETCH_STATE_UNSPECIFIED,,,,,2026-09-18T03:02:43.737Z
https://www.consignatarias.com.ar/productividad/buenos-aires/pehuajo,NEUTRAL,Descubierta: actualmente sin indexar,ROBOTS_TXT_STATE_UNSPECIFIED,INDEXING_STATE_UNSPECIFIED,PAGE_FETCH_STATE_UNSPECIFIED,,,,,2026-09-18T03:02:43.801Z
https://www.consignatarias.com.ar/productividad/buenos-aires/pergamino,NEUTRAL,Descubierta: actualmente sin indexar,ROBOTS_TXT_STATE_UNSPECIFIED,INDEXING_STATE_UNSPECIFIED,PAGE_FETCH_STATE_UNSPECIFIED,,,,,2026-09-18T03:02:49.266Z
https://www.consignatarias.com.ar/productividad/buenos-aires/pila,NEUTRAL,Descubierta: actualmente sin indexar,ROBOTS_TXT_STATE_UNSPECIFIED,INDEXING_STATE_UNSPECIFIED,PAGE_FETCH_STATE_UNSPECIFIED,,,,,2026-09-18T03:02:49.299Z
https://www.consignatarias.com.ar/productividad/buenos-aires/pilar,PASS,Enviada e indexada,ALLOWED,INDEXING_ALLOWED,SUCCESSFUL,2026-09-16T01:07:04Z,https://www.consignatarias.com.ar/productividad/buenos-aires/pilar,https://www.consignatarias.com.ar/productividad/buenos-aires/pilar,true,2026-09-18T03:02:49.911Z
https://www.consignatarias.com.ar/productividad/buenos-aires/presidente-peron,PASS,Enviada e indexada,ALLOWED,INDEXING_ALLOWED,SUCCESSFUL,2026-09-14T07:16:07Z,https://www.consignatarias.com.ar/productividad/buenos-aires/presidente-peron,https://www.consignatarias.com.ar/productividad/buenos-aires/presidente-peron,true,2026-09-18T03:02:49.969Z
https://www.consignatarias.com.ar/productividad/buenos-aires/puan,NEUTRAL,Descubierta: actualmente sin indexar,ROBOTS_TXT_STATE_UNSPECIFIED,INDEXING_STATE_UNSPECIFIED,PAGE_FETCH_STATE_UNSPECIFIED,,,,,2026-09-18T03:02:55.505Z
https://www.consignatarias.com.ar/productividad/buenos-aires/punta-indio,NEUTRAL,Google no reconoce esta URL,ROBOTS_TXT_STATE_UNSPECIFIED,INDEXING_STATE_UNSPECIFIED,PAGE_FETCH_STATE_UNSPECIFIED,,,,,2026-09-18T03:02:55.726Z
https://www.consignatarias.com.ar/productividad/buenos-aires/ramallo,PASS,Enviada e indexada,ALLOWED,INDEXING_ALLOWED,SUCCESSFUL,2026-09-16T09:05:14Z,https://www.consignatarias.com.ar/productividad/buenos-aires/ramallo,https://www.consignatarias.com.ar/productividad/buenos-aires/ramallo,true,2026-09-18T03:02:56.080Z
https://www.consignatarias.com.ar/productividad/buenos-aires/rauch,PASS,Enviada e indexada,ALLOWED,INDEXING_ALLOWED,SUCCESSFUL,2026-09-15T09:19:52Z,https://www.consignatarias.com.ar/productividad/buenos-aires/rauch,https://www.consignatarias.com.ar/productividad/buenos-aires/rauch,true,2026-09-18T03:02:56.456Z
https://www.consignatarias.com.ar/productividad/buenos-aires/rojas,NEUTRAL,Descubierta: actualmente sin indexar,ROBOTS_TXT_STATE_UNSPECIFIED,INDEXING_STATE_UNSPECIFIED,PAGE_FETCH_STATE_UNSPECIFIED,,,,,2026-09-18T03:03:02.027Z
https://www.consignatarias.com.ar/productividad/buenos-aires/rivadavia,PASS,Enviada e indexada,ALLOWED,INDEXING_ALLOWED,SUCCESSFUL,2026-09-13T09:44:48Z,https://www.consignatarias.com.ar/productividad/buenos-aires/rivadavia,https://www.consignatarias.com.ar/productividad/buenos-aires/rivadavia,true,2026-09-18T03:03:02.029Z
https://www.consignatarias.com.ar/productividad/buenos-aires/roque-perez,NEUTRAL,Google no reconoce esta URL,ROBOTS_TXT_STATE_UNSPECIFIED,INDEXING_STATE_UNSPECIFIED,PAGE_FETCH_STATE_UNSPECIFIED,,,,,2026-09-18T03:03:02.246Z
https://www.consignatarias.com.ar/productividad/buenos-aires/saavedra,PASS,Enviada e indexada,ALLOWED,INDEXING_ALLOWED,SUCCESSFUL,2026-09-13T02:45:10Z,https://www.consignatarias.com.ar/productividad/buenos-aires/saavedra,https://www.consignatarias.com.ar/productividad/buenos-aires/saavedra,true,2026-09-18T03:03:02.660Z
https://www.consignatarias.com.ar/productividad/buenos-aires/salliquelo,NEUTRAL,Descubierta: actualmente sin indexar,ROBOTS_TXT_STATE_UNSPECIFIED,INDEXING_STATE_UNSPECIFIED,PAGE_FETCH_STATE_UNSPECIFIED,,,,,2026-09-18T03:03:08.196Z
https://www.consignatarias.com.ar/productividad/buenos-aires/salto,NEUTRAL,Descubierta: actualmente sin indexar,ROBOTS_TXT_STATE_UNSPECIFIED,INDEXING_STATE_UNSPECIFIED,PAGE_FETCH_STATE_UNSPECIFIED,,,,,2026-09-18T03:03:08.363Z
https://www.consignatarias.com.ar/productividad/buenos-aires/saladillo,NEUTRAL,Descubierta: actualmente sin indexar,ROBOTS_TXT_STATE_UNSPECIFIED,INDEXING_STATE_UNSPECIFIED,PAGE_FETCH_STATE_UNSPECIFIED,,,,,2026-09-18T03:03:08.399Z
https://www.consignatarias.com.ar/productividad/buenos-aires/san-andres-de-giles,PASS,Enviada e indexada,ALLOWED,INDEXING_ALLOWED,SUCCESSFUL,2026-09-11T10:44:44Z,https://www.consignatarias.com.ar/productividad/buenos-aires/san-andres-de-giles,https://www.consignatarias.com.ar/productividad/buenos-aires/san-andres-de-giles,true,2026-09-18T03:03:08.979Z
https://www.consignatarias.com.ar/productividad/buenos-aires/san-antonio-de-areco,PASS,Enviada e indexada,ALLOWED,INDEXING_ALLOWED,SUCCESSFUL,2026-09-12T01:10:53Z,https://www.consignatarias.com.ar/productividad/buenos-aires/san-antonio-de-areco,https://www.consignatarias.com.ar/productividad/buenos-aires/san-antonio-de-areco,true,2026-09-18T03:03:14.599Z
https://www.consignatarias.com.ar/productividad/buenos-aires/san-fernando,NEUTRAL,Descubierta: actualmente sin indexar,ROBOTS_TXT_STATE_UNSPECIFIED,INDEXING_STATE_UNSPECIFIED,PAGE_FETCH_STATE_UNSPECIFIED,,,,,2026-09-18T03:03:14.780Z
https://www.consignatarias.com.ar/productividad/buenos-aires/san-cayetano,NEUTRAL,Descubierta: actualmente sin indexar,ROBOTS_TXT_STATE_UNSPECIFIED,INDEXING_STATE_UNSPECIFIED,PAGE_FETCH_STATE_UNSPECIFIED,,,,,2026-09-18T03:03:15.020Z
https://www.consignatarias.com.ar/productividad/buenos-aires/san-nicolas,NEUTRAL,Descubierta: actualmente sin indexar,ROBOTS_TXT_STATE_UNSPECIFIED,INDEXING_STATE_UNSPECIFIED,PAGE_FETCH_STATE_UNSPECIFIED,,,,,2026-09-18T03:03:15.172Z
https://www.consignatarias.com.ar/productividad/buenos-aires/san-pedro,NEUTRAL,Descubierta: actualmente sin indexar,ROBOTS_TXT_STATE_UNSPECIFIED,INDEXING_STATE_UNSPECIFIED,PAGE_FETCH_STATE_UNSPECIFIED,,,,,2026-09-18T03:03:20.772Z
https://www.consignatarias.com.ar/productividad/buenos-aires/suipacha,NEUTRAL,Google no reconoce esta URL,ROBOTS_TXT_STATE_UNSPECIFIED,INDEXING_STATE_UNSPECIFIED,PAGE_FETCH_STATE_UNSPECIFIED,,,,,2026-09-18T03:03:21.171Z
https://www.consignatarias.com.ar/productividad/buenos-aires/tandil,NEUTRAL,Descubierta: actualmente sin indexar,ROBOTS_TXT_STATE_UNSPECIFIED,INDEXING_STATE_UNSPECIFIED,PAGE_FETCH_STATE_UNSPECIFIED,,,,,2026-09-18T03:03:21.344Z
https://www.consignatarias.com.ar/productividad/buenos-aires/san-vicente,NEUTRAL,Google no reconoce esta URL,ROBOTS_TXT_STATE_UNSPECIFIED,INDEXING_STATE_UNSPECIFIED,PAGE_FETCH_STATE_UNSPECIFIED,,,,,2026-09-18T03:03:21.592Z
https://www.consignatarias.com.ar/productividad/buenos-aires/tapalque,NEUTRAL,Descubierta: actualmente sin indexar,ROBOTS_TXT_STATE_UNSPECIFIED,INDEXING_STATE_UNSPECIFIED,PAGE_FETCH_STATE_UNSPECIFIED,,,,,2026-09-18T03:03:26.988Z
https://www.consignatarias.com.ar/productividad/buenos-aires/tornquist,NEUTRAL,Descubierta: actualmente sin indexar,ROBOTS_TXT_STATE_UNSPECIFIED,INDEXING_STATE_UNSPECIFIED,PAGE_FETCH_STATE_UNSPECIFIED,,,,,2026-09-18T03:03:27.719Z
https://www.consignatarias.com.ar/productividad/buenos-aires/trenque-lauquen,NEUTRAL,Descubierta: actualmente sin indexar,ROBOTS_TXT_STATE_UNSPECIFIED,INDEXING_STATE_UNSPECIFIED,PAGE_FETCH_STATE_UNSPECIFIED,,,,,2026-09-18T03:03:27.773Z
https://www.consignatarias.com.ar/productividad/buenos-aires/tordillo,NEUTRAL,Google no reconoce esta URL,ROBOTS_TXT_STATE_UNSPECIFIED,INDEXING_STATE_UNSPECIFIED,PAGE_FETCH_STATE_UNSPECIFIED,,,,,2026-09-18T03:03:27.795Z
https://www.consignatarias.com.ar/productividad/buenos-aires/tres-arroyos,PASS,Enviada e indexada,ALLOWED,INDEXING_ALLOWED,SUCCESSFUL,2026-09-16T01:53:25Z,https://www.consignatarias.com.ar/productividad/buenos-aires/tres-arroyos,https://www.consignatarias.com.ar/productividad/buenos-aires/tres-arroyos,true,2026-09-18T03:03:33.150Z
https://www.consignatarias.com.ar/productividad/buenos-aires/veinticinco-de-mayo,NEUTRAL,Descubierta: actualmente sin indexar,ROBOTS_TXT_STATE_UNSPECIFIED,INDEXING_STATE_UNSPECIFIED,PAGE_FETCH_STATE_UNSPECIFIED,,,,,2026-09-18T03:03:33.948Z
https://www.consignatarias.com.ar/productividad/buenos-aires/tres-lomas,PASS,Enviada e indexada,ALLOWED,INDEXING_ALLOWED,SUCCESSFUL,2026-09-06T00:57:22Z,https://www.consignatarias.com.ar/productividad/buenos-aires/tres-lomas,https://www.consignatarias.com.ar/productividad/buenos-aires/tres-lomas,true,2026-09-18T03:03:33.963Z
https://www.consignatarias.com.ar/productividad/buenos-aires/villarino,NEUTRAL,Descubierta: actualmente sin indexar,ROBOTS_TXT_STATE_UNSPECIFIED,INDEXING_STATE_UNSPECIFIED,PAGE_FETCH_STATE_UNSPECIFIED,,,,,2026-09-18T03:03:33.973Z
https://www.consignatarias.com.ar/productividad/buenos-aires/zarate,NEUTRAL,Google no reconoce esta URL,ROBOTS_TXT_STATE_UNSPECIFIED,INDEXING_STATE_UNSPECIFIED,PAGE_FETCH_STATE_UNSPECIFIED,,,,,2026-09-18T03:03:39.659Z
https://www.consignatarias.com.ar/productividad/catamarca/ambato,NEUTRAL,Descubierta: actualmente sin indexar,ROBOTS_TXT_STATE_UNSPECIFIED,INDEXING_STATE_UNSPECIFIED,PAGE_FETCH_STATE_UNSPECIFIED,,,,,2026-09-18T03:03:40.141Z
https://www.consignatarias.com.ar/productividad/catamarca/andalgala,NEUTRAL,Descubierta: actualmente sin indexar,ROBOTS_TXT_STATE_UNSPECIFIED,INDEXING_STATE_UNSPECIFIED,PAGE_FETCH_STATE_UNSPECIFIED,,,,,2026-09-18T03:03:40.188Z
https://www.consignatarias.com.ar/productividad/catamarca/ancasti,NEUTRAL,Descubierta: actualmente sin indexar,ROBOTS_TXT_STATE_UNSPECIFIED,INDEXING_STATE_UNSPECIFIED,PAGE_FETCH_STATE_UNSPECIFIED,,,,,2026-09-18T03:03:40.402Z
https://www.consignatarias.com.ar/productividad/catamarca/belen,PASS,Enviada e indexada,ALLOWED,INDEXING_ALLOWED,SUCCESSFUL,2026-08-30T22:35:29Z,https://www.consignatarias.com.ar/productividad/catamarca/belen,https://www.consignatarias.com.ar/productividad/catamarca/belen,true,2026-09-18T03:03:45.847Z
https://www.consignatarias.com.ar/productividad/catamarca/capayan,NEUTRAL,Descubierta: actualmente sin indexar,ROBOTS_TXT_STATE_UNSPECIFIED,INDEXING_STATE_UNSPECIFIED,PAGE_FETCH_STATE_UNSPECIFIED,,,,,2026-09-18T03:03:46.509Z
https://www.consignatarias.com.ar/productividad/catamarca/capital,NEUTRAL,Descubierta: actualmente sin indexar,ROBOTS_TXT_STATE_UNSPECIFIED,INDEXING_STATE_UNSPECIFIED,PAGE_FETCH_STATE_UNSPECIFIED,,,,,2026-09-18T03:03:46.569Z
https://www.consignatarias.com.ar/productividad/catamarca/el-alto,NEUTRAL,Descubierta: actualmente sin indexar,ROBOTS_TXT_STATE_UNSPECIFIED,INDEXING_STATE_UNSPECIFIED,PAGE_FETCH_STATE_UNSPECIFIED,,,,,2026-09-18T03:03:46.826Z
https://www.consignatarias.com.ar/productividad/catamarca/fray-mamerto-esquiu,NEUTRAL,Google no reconoce esta URL,ROBOTS_TXT_STATE_UNSPECIFIED,INDEXING_STATE_UNSPECIFIED,PAGE_FETCH_STATE_UNSPECIFIED,,,,,2026-09-18T03:03:52.230Z
https://www.consignatarias.com.ar/productividad/catamarca/paclin,NEUTRAL,Descubierta: actualmente sin indexar,ROBOTS_TXT_STATE_UNSPECIFIED,INDEXING_STATE_UNSPECIFIED,PAGE_FETCH_STATE_UNSPECIFIED,,,,,2026-09-18T03:03:52.864Z
https://www.consignatarias.com.ar/productividad/catamarca/la-paz,PASS,Enviada e indexada,ALLOWED,INDEXING_ALLOWED,SUCCESSFUL,2026-09-16T07:43:48Z,https://www.consignatarias.com.ar/productividad/catamarca/la-paz,https://www.consignatarias.com.ar/productividad/catamarca/la-paz,true,2026-09-18T03:03:52.983Z
https://www.consignatarias.com.ar/productividad/catamarca/santa-maria,NEUTRAL,Descubierta: actualmente sin indexar,ROBOTS_TXT_STATE_UNSPECIFIED,INDEXING_STATE_UNSPECIFIED,PAGE_FETCH_STATE_UNSPECIFIED,,,,,2026-09-18T03:03:53.300Z
https://www.consignatarias.com.ar/productividad/catamarca/santa-rosa,PASS,Enviada e indexada,ALLOWED,INDEXING_ALLOWED,SUCCESSFUL,2026-09-11T21:10:40Z,https://www.consignatarias.com.ar/productividad/catamarca/santa-rosa,https://www.consignatarias.com.ar/productividad/catamarca/santa-rosa,true,2026-09-18T03:03:58.674Z
https://www.consignatarias.com.ar/productividad/chaco/2-de-abril,NEUTRAL,Descubierta: actualmente sin indexar,ROBOTS_TXT_STATE_UNSPECIFIED,INDEXING_STATE_UNSPECIFIED,PAGE_FETCH_STATE_UNSPECIFIED,,,,,2026-09-18T03:03:59.124Z
https://www.consignatarias.com.ar/productividad/catamarca/valle-viejo,NEUTRAL,Rastreada: actualmente sin indexar,ALLOWED,INDEXING_STATE_UNSPECIFIED,SUCCESSFUL,2026-09-11T23:12:36Z,,,,2026-09-18T03:03:59.365Z
https://www.consignatarias.com.ar/productividad/chaco/almirante-brown,NEUTRAL,Descubierta: actualmente sin indexar,ROBOTS_TXT_STATE_UNSPECIFIED,INDEXING_STATE_UNSPECIFIED,PAGE_FETCH_STATE_UNSPECIFIED,,,,,2026-09-18T03:03:59.546Z
https://www.consignatarias.com.ar/productividad/chaco/bermejo,PASS,Enviada e indexada,ALLOWED,INDEXING_ALLOWED,SUCCESSFUL,2026-08-30T01:02:24Z,https://www.consignatarias.com.ar/productividad/chaco/bermejo,https://www.consignatarias.com.ar/productividad/chaco/bermejo,true,2026-09-18T03:04:05.198Z
https://www.consignatarias.com.ar/productividad/chaco/chacabuco,NEUTRAL,Descubierta: actualmente sin indexar,ROBOTS_TXT_STATE_UNSPECIFIED,INDEXING_STATE_UNSPECIFIED,PAGE_FETCH_STATE_UNSPECIFIED,,,,,2026-09-18T03:04:05.358Z
https://www.consignatarias.com.ar/productividad/chaco/doce-de-octubre,PASS,Enviada e indexada,ALLOWED,INDEXING_ALLOWED,SUCCESSFUL,2026-09-14T19:23:18Z,https://www.consignatarias.com.ar/productividad/chaco/doce-de-octubre,https://www.consignatarias.com.ar/productividad/chaco/doce-de-octubre,true,2026-09-18T03:04:05.960Z
https://www.consignatarias.com.ar/productividad/chaco/comandante-fernandez,PASS,Enviada e indexada,ALLOWED,INDEXING_ALLOWED,SUCCESSFUL,2026-08-31T00:04:02Z,https://www.consignatarias.com.ar/productividad/chaco/comandante-fernandez,https://www.consignatarias.com.ar/productividad/chaco/comandante-fernandez,true,2026-09-18T03:04:06.010Z
https://www.consignatarias.com.ar/productividad/chaco/general-belgrano,PASS,Enviada e indexada,ALLOWED,INDEXING_ALLOWED,SUCCESSFUL,2026-09-05T14:51:22Z,https://www.consignatarias.com.ar/productividad/chaco/general-belgrano,https://www.consignatarias.com.ar/productividad/chaco/general-belgrano,true,2026-09-18T03:04:11.751Z
https://www.consignatarias.com.ar/productividad/chaco/fray-justo-santa-maria-de-oro,NEUTRAL,Google no reconoce esta URL,ROBOTS_TXT_STATE_UNSPECIFIED,INDEXING_STATE_UNSPECIFIED,PAGE_FETCH_STATE_UNSPECIFIED,,,,,2026-09-18T03:04:11.787Z
https://www.consignatarias.com.ar/productividad/chaco/general-donovan,PASS,Enviada e indexada,ALLOWED,INDEXING_ALLOWED,SUCCESSFUL,2026-09-15T21:02:02Z,https://www.consignatarias.com.ar/productividad/chaco/general-donovan,https://www.consignatarias.com.ar/productividad/chaco/general-donovan,true,2026-09-18T03:04:12.108Z
https://www.consignatarias.com.ar/productividad/chaco/general-guemes,NEUTRAL,Descubierta: actualmente sin indexar,ROBOTS_TXT_STATE_UNSPECIFIED,INDEXING_STATE_UNSPECIFIED,PAGE_FETCH_STATE_UNSPECIFIED,,,,,2026-09-18T03:04:12.525Z
https://www.consignatarias.com.ar/productividad/chaco/libertad,NEUTRAL,Descubierta: actualmente sin indexar,ROBOTS_TXT_STATE_UNSPECIFIED,INDEXING_STATE_UNSPECIFIED,PAGE_FETCH_STATE_UNSPECIFIED,,,,,2026-09-18T03:04:18.182Z
https://www.consignatarias.com.ar/productividad/chaco/independencia,NEUTRAL,Google no reconoce esta URL,ROBOTS_TXT_STATE_UNSPECIFIED,INDEXING_STATE_UNSPECIFIED,PAGE_FETCH_STATE_UNSPECIFIED,,,,,2026-09-18T03:04:18.347Z
https://www.consignatarias.com.ar/productividad/chaco/libertador-general-san-martin,NEUTRAL,Descubierta: actualmente sin indexar,ROBOTS_TXT_STATE_UNSPECIFIED,INDEXING_STATE_UNSPECIFIED,PAGE_FETCH_STATE_UNSPECIFIED,,,,,2026-09-18T03:04:18.549Z
https://www.consignatarias.com.ar/productividad/chaco/maipu,PASS,Enviada e indexada,ALLOWED,INDEXING_ALLOWED,SUCCESSFUL,2026-09-15T05:12:14Z,https://www.consignatarias.com.ar/productividad/chaco/maipu,https://www.consignatarias.com.ar/productividad/chaco/maipu,true,2026-09-18T03:04:18.850Z
https://www.consignatarias.com.ar/productividad/chaco/nueve-de-julio,PASS,Enviada e indexada,ALLOWED,INDEXING_ALLOWED,SUCCESSFUL,2026-09-17T07:37:15Z,https://www.consignatarias.com.ar/productividad/chaco/nueve-de-julio,https://www.consignatarias.com.ar/productividad/chaco/nueve-de-julio,true,2026-09-18T03:04:24.498Z
https://www.consignatarias.com.ar/productividad/chaco/mayor-luis-j-fontana,NEUTRAL,Google no reconoce esta URL,ROBOTS_TXT_STATE_UNSPECIFIED,INDEXING_STATE_UNSPECIFIED,PAGE_FETCH_STATE_UNSPECIFIED,,,,,2026-09-18T03:04:24.673Z
https://www.consignatarias.com.ar/productividad/chaco/presidencia-de-la-plaza,PASS,Enviada e indexada,ALLOWED,INDEXING_ALLOWED,SUCCESSFUL,2026-08-30T00:57:34Z,https://www.consignatarias.com.ar/productividad/chaco/presidencia-de-la-plaza,https://www.consignatarias.com.ar/productividad/chaco/presidencia-de-la-plaza,true,2026-09-18T03:04:25.091Z
https://www.consignatarias.com.ar/productividad/chaco/o-higgins,PASS,Enviada e indexada,ALLOWED,INDEXING_ALLOWED,SUCCESSFUL,2026-09-16T22:20:08Z,https://www.consignatarias.com.ar/productividad/chaco/o-higgins,https://www.consignatarias.com.ar/productividad/chaco/o-higgins,true,2026-09-18T03:04:25.289Z
https://www.consignatarias.com.ar/productividad/chaco/primero-de-mayo,NEUTRAL,Google no reconoce esta URL,ROBOTS_TXT_STATE_UNSPECIFIED,INDEXING_STATE_UNSPECIFIED,PAGE_FETCH_STATE_UNSPECIFIED,,,,,2026-09-18T03:04:30.711Z
https://www.consignatarias.com.ar/productividad/chaco/quitilipi,NEUTRAL,Google no reconoce esta URL,ROBOTS_TXT_STATE_UNSPECIFIED,INDEXING_STATE_UNSPECIFIED,PAGE_FETCH_STATE_UNSPECIFIED,,,,,2026-09-18T03:04:31.034Z
https://www.consignatarias.com.ar/productividad/chaco/san-lorenzo,PASS,Enviada e indexada,ALLOWED,INDEXING_ALLOWED,SUCCESSFUL,2026-09-13T11:17:15Z,https://www.consignatarias.com.ar/productividad/chaco/san-lorenzo,https://www.consignatarias.com.ar/productividad/chaco/san-lorenzo,true,2026-09-18T03:04:31.566Z
https://www.consignatarias.com.ar/productividad/chaco/san-fernando,NEUTRAL,Descubierta: actualmente sin indexar,ROBOTS_TXT_STATE_UNSPECIFIED,INDEXING_STATE_UNSPECIFIED,PAGE_FETCH_STATE_UNSPECIFIED,,,,,2026-09-18T03:04:31.661Z
https://www.consignatarias.com.ar/productividad/chaco/tapenaga,NEUTRAL,Descubierta: actualmente sin indexar,ROBOTS_TXT_STATE_UNSPECIFIED,INDEXING_STATE_UNSPECIFIED,PAGE_FETCH_STATE_UNSPECIFIED,,,,,2026-09-18T03:04:37.213Z
https://www.consignatarias.com.ar/productividad/chaco/sargento-cabral,PASS,Enviada e indexada,ALLOWED,INDEXING_ALLOWED,SUCCESSFUL,2026-09-11T03:25:02Z,https://www.consignatarias.com.ar/productividad/chaco/sargento-cabral,https://www.consignatarias.com.ar/productividad/chaco/sargento-cabral,true,2026-09-18T03:04:37.288Z
https://www.consignatarias.com.ar/productividad/chaco/veinticinco-de-mayo,NEUTRAL,Descubierta: actualmente sin indexar,ROBOTS_TXT_STATE_UNSPECIFIED,INDEXING_STATE_UNSPECIFIED,PAGE_FETCH_STATE_UNSPECIFIED,,,,,2026-09-18T03:04:37.780Z
https://www.consignatarias.com.ar/productividad/chubut/cushamen,PASS,Enviada e indexada,ALLOWED,INDEXING_ALLOWED,SUCCESSFUL,2026-09-17T16:18:51Z,https://www.consignatarias.com.ar/productividad/chubut/cushamen,https://www.consignatarias.com.ar/productividad/chubut/cushamen,true,2026-09-18T03:04:38.052Z
https://www.consignatarias.com.ar/productividad/chubut/futaleufu,NEUTRAL,Descubierta: actualmente sin indexar,ROBOTS_TXT_STATE_UNSPECIFIED,INDEXING_STATE_UNSPECIFIED,PAGE_FETCH_STATE_UNSPECIFIED,,,,,2026-09-18T03:04:43.630Z
https://www.consignatarias.com.ar/productividad/chubut/escalante,NEUTRAL,Descubierta: actualmente sin indexar,ROBOTS_TXT_STATE_UNSPECIFIED,INDEXING_STATE_UNSPECIFIED,PAGE_FETCH_STATE_UNSPECIFIED,,,,,2026-09-18T03:04:43.854Z
https://www.consignatarias.com.ar/productividad/chubut/gaiman,NEUTRAL,Descubierta: actualmente sin indexar,ROBOTS_TXT_STATE_UNSPECIFIED,INDEXING_STATE_UNSPECIFIED,PAGE_FETCH_STATE_UNSPECIFIED,,,,,2026-09-18T03:04:43.916Z
https://www.consignatarias.com.ar/productividad/chubut/gastre,NEUTRAL,Descubierta: actualmente sin indexar,ROBOTS_TXT_STATE_UNSPECIFIED,INDEXING_STATE_UNSPECIFIED,PAGE_FETCH_STATE_UNSPECIFIED,,,,,2026-09-18T03:04:44.218Z
https://www.consignatarias.com.ar/productividad/chubut/paso-de-indios,NEUTRAL,Descubierta: actualmente sin indexar,ROBOTS_TXT_STATE_UNSPECIFIED,INDEXING_STATE_UNSPECIFIED,PAGE_FETCH_STATE_UNSPECIFIED,,,,,2026-09-18T03:04:50.201Z
https://www.consignatarias.com.ar/productividad/chubut/rawson,NEUTRAL,Descubierta: actualmente sin indexar,ROBOTS_TXT_STATE_UNSPECIFIED,INDEXING_STATE_UNSPECIFIED,PAGE_FETCH_STATE_UNSPECIFIED,,,,,2026-09-18T03:04:50.484Z
https://www.consignatarias.com.ar/productividad/chubut/martires,PASS,Enviada e indexada,ALLOWED,INDEXING_ALLOWED,SUCCESSFUL,2026-09-13T18:27:08Z,https://www.consignatarias.com.ar/productividad/chubut/martires,https://www.consignatarias.com.ar/productividad/chubut/martires,true,2026-09-18T03:04:50.485Z
https://www.consignatarias.com.ar/productividad/chubut/languineo,NEUTRAL,Google no reconoce esta URL,ROBOTS_TXT_STATE_UNSPECIFIED,INDEXING_STATE_UNSPECIFIED,PAGE_FETCH_STATE_UNSPECIFIED,,,,,2026-09-18T03:04:50.564Z
https://www.consignatarias.com.ar/productividad/chubut/sarmiento,PASS,Enviada e indexada,ALLOWED,INDEXING_ALLOWED,SUCCESSFUL,2026-09-16T12:50:43Z,https://www.consignatarias.com.ar/productividad/chubut/sarmiento,https://www.consignatarias.com.ar/productividad/chubut/sarmiento,true,2026-09-18T03:04:56.613Z
https://www.consignatarias.com.ar/productividad/chubut/rio-senguer,NEUTRAL,Descubierta: actualmente sin indexar,ROBOTS_TXT_STATE_UNSPECIFIED,INDEXING_STATE_UNSPECIFIED,PAGE_FETCH_STATE_UNSPECIFIED,,,,,2026-09-18T03:04:56.655Z
https://www.consignatarias.com.ar/productividad/chubut/tehuelches,NEUTRAL,Descubierta: actualmente sin indexar,ROBOTS_TXT_STATE_UNSPECIFIED,INDEXING_STATE_UNSPECIFIED,PAGE_FETCH_STATE_UNSPECIFIED,,,,,2026-09-18T03:04:56.659Z
https://www.consignatarias.com.ar/productividad/chubut/telsen,PASS,Enviada e indexada,ALLOWED,INDEXING_ALLOWED,SUCCESSFUL,2026-09-16T22:49:01Z,https://www.consignatarias.com.ar/productividad/chubut/telsen,https://www.consignatarias.com.ar/productividad/chubut/telsen,true,2026-09-18T03:04:56.912Z
https://www.consignatarias.com.ar/productividad/cordoba/colon,PASS,Enviada e indexada,ALLOWED,INDEXING_ALLOWED,SUCCESSFUL,2026-09-16T19:24:24Z,https://www.consignatarias.com.ar/productividad/cordoba/colon,https://www.consignatarias.com.ar/productividad/cordoba/colon,true,2026-09-18T03:05:02.800Z
https://www.consignatarias.com.ar/productividad/chubut/viedma,NEUTRAL,Descubierta: actualmente sin indexar,ROBOTS_TXT_STATE_UNSPECIFIED,INDEXING_STATE_UNSPECIFIED,PAGE_FETCH_STATE_UNSPECIFIED,,,,,2026-09-18T03:05:02.892Z
https://www.consignatarias.com.ar/productividad/cordoba/calamuchita,PASS,Enviada e indexada,ALLOWED,INDEXING_ALLOWED,SUCCESSFUL,2026-09-16T08:35:11Z,https://www.consignatarias.com.ar/productividad/cordoba/calamuchita,https://www.consignatarias.com.ar/productividad/cordoba/calamuchita,true,2026-09-18T03:05:03.077Z
https://www.consignatarias.com.ar/productividad/cordoba/cruz-del-eje,NEUTRAL,Descubierta: actualmente sin indexar,ROBOTS_TXT_STATE_UNSPECIFIED,INDEXING_STATE_UNSPECIFIED,PAGE_FETCH_STATE_UNSPECIFIED,,,,,2026-09-18T03:05:03.120Z
https://www.consignatarias.com.ar/productividad/cordoba/general-roca,NEUTRAL,Descubierta: actualmente sin indexar,ROBOTS_TXT_STATE_UNSPECIFIED,INDEXING_STATE_UNSPECIFIED,PAGE_FETCH_STATE_UNSPECIFIED,,,,,2026-09-18T03:05:09.129Z
https://www.consignatarias.com.ar/productividad/cordoba/general-san-martin,PASS,Enviada e indexada,ALLOWED,INDEXING_ALLOWED,SUCCESSFUL,2026-09-15T15:28:09Z,https://www.consignatarias.com.ar/productividad/cordoba/general-san-martin,https://www.consignatarias.com.ar/productividad/cordoba/general-san-martin,true,2026-09-18T03:05:09.220Z
https://www.consignatarias.com.ar/productividad/cordoba/ischilin,NEUTRAL,Descubierta: actualmente sin indexar,ROBOTS_TXT_STATE_UNSPECIFIED,INDEXING_STATE_UNSPECIFIED,PAGE_FETCH_STATE_UNSPECIFIED,,,,,2026-09-18T03:05:09.449Z
https://www.consignatarias.com.ar/productividad/cordoba/juarez-celman,NEUTRAL,Descubierta: actualmente sin indexar,ROBOTS_TXT_STATE_UNSPECIFIED,INDEXING_STATE_UNSPECIFIED,PAGE_FETCH_STATE_UNSPECIFIED,,,,,2026-09-18T03:05:09.499Z
https://www.consignatarias.com.ar/productividad/cordoba/minas,NEUTRAL,Google no reconoce esta URL,ROBOTS_TXT_STATE_UNSPECIFIED,INDEXING_STATE_UNSPECIFIED,PAGE_FETCH_STATE_UNSPECIFIED,,,,,2026-09-18T03:05:15.393Z
https://www.consignatarias.com.ar/productividad/cordoba/marcos-juarez,NEUTRAL,Descubierta: actualmente sin indexar,ROBOTS_TXT_STATE_UNSPECIFIED,INDEXING_STATE_UNSPECIFIED,PAGE_FETCH_STATE_UNSPECIFIED,,,,,2026-09-18T03:05:15.555Z
https://www.consignatarias.com.ar/productividad/cordoba/presidente-roque-saenz-pena,NEUTRAL,Descubierta: actualmente sin indexar,ROBOTS_TXT_STATE_UNSPECIFIED,INDEXING_STATE_UNSPECIFIED,PAGE_FETCH_STATE_UNSPECIFIED,,,,,2026-09-18T03:05:15.696Z
https://www.consignatarias.com.ar/productividad/cordoba/pocho,PASS,Enviada e indexada,ALLOWED,INDEXING_ALLOWED,SUCCESSFUL,2026-09-15T11:13:15Z,https://www.consignatarias.com.ar/productividad/cordoba/pocho,https://www.consignatarias.com.ar/productividad/cordoba/pocho,true,2026-09-18T03:05:15.796Z
https://www.consignatarias.com.ar/productividad/cordoba/punilla,NEUTRAL,Descubierta: actualmente sin indexar,ROBOTS_TXT_STATE_UNSPECIFIED,INDEXING_STATE_UNSPECIFIED,PAGE_FETCH_STATE_UNSPECIFIED,,,,,2026-09-18T03:05:21.512Z
https://www.consignatarias.com.ar/productividad/cordoba/rio-cuarto,NEUTRAL,Rastreada: actualmente sin indexar,ALLOWED,INDEXING_STATE_UNSPECIFIED,SUCCESSFUL,2026-09-12T05:42:31Z,,,,2026-09-18T03:05:21.760Z
https://www.consignatarias.com.ar/productividad/cordoba/rio-primero,PASS,Enviada e indexada,ALLOWED,INDEXING_ALLOWED,SUCCESSFUL,2026-08-30T00:57:32Z,https://www.consignatarias.com.ar/productividad/cordoba/rio-primero,https://www.consignatarias.com.ar/productividad/cordoba/rio-primero,true,2026-09-18T03:05:21.947Z
https://www.consignatarias.com.ar/productividad/cordoba/rio-seco,NEUTRAL,Descubierta: actualmente sin indexar,ROBOTS_TXT_STATE_UNSPECIFIED,INDEXING_STATE_UNSPECIFIED,PAGE_FETCH_STATE_UNSPECIFIED,,,,,2026-09-18T03:05:21.987Z
https://www.consignatarias.com.ar/productividad/cordoba/rio-segundo,PASS,Enviada e indexada,ALLOWED,INDEXING_ALLOWED,SUCCESSFUL,2026-09-13T19:46:43Z,https://www.consignatarias.com.ar/productividad/cordoba/rio-segundo,https://www.consignatarias.com.ar/productividad/cordoba/rio-segundo,true,2026-09-18T03:05:27.870Z
https://www.consignatarias.com.ar/productividad/cordoba/san-javier,NEUTRAL,Descubierta: actualmente sin indexar,ROBOTS_TXT_STATE_UNSPECIFIED,INDEXING_STATE_UNSPECIFIED,PAGE_FETCH_STATE_UNSPECIFIED,,,,,2026-09-18T03:05:28.131Z
https://www.consignatarias.com.ar/productividad/cordoba/san-justo,PASS,Enviada e indexada,ALLOWED,INDEXING_ALLOWED,SUCCESSFUL,2026-09-12T17:45:45Z,https://www.consignatarias.com.ar/productividad/cordoba/san-justo,https://www.consignatarias.com.ar/productividad/cordoba/san-justo,true,2026-09-18T03:05:28.184Z
https://www.consignatarias.com.ar/productividad/cordoba/san-alberto,NEUTRAL,Google no reconoce esta URL,ROBOTS_TXT_STATE_UNSPECIFIED,INDEXING_STATE_UNSPECIFIED,PAGE_FETCH_STATE_UNSPECIFIED,,,,,2026-09-18T03:05:30.896Z
https://www.consignatarias.com.ar/productividad/cordoba/santa-maria,NEUTRAL,Descubierta: actualmente sin indexar,ROBOTS_TXT_STATE_UNSPECIFIED,INDEXING_STATE_UNSPECIFIED,PAGE_FETCH_STATE_UNSPECIFIED,,,,,2026-09-18T03:05:34.056Z
https://www.consignatarias.com.ar/productividad/cordoba/tercero-arriba,NEUTRAL,Descubierta: actualmente sin indexar,ROBOTS_TXT_STATE_UNSPECIFIED,INDEXING_STATE_UNSPECIFIED,PAGE_FETCH_STATE_UNSPECIFIED,,,,,2026-09-18T03:05:34.325Z
https://www.consignatarias.com.ar/productividad/cordoba/sobremonte,NEUTRAL,Descubierta: actualmente sin indexar,ROBOTS_TXT_STATE_UNSPECIFIED,INDEXING_STATE_UNSPECIFIED,PAGE_FETCH_STATE_UNSPECIFIED,,,,,2026-09-18T03:05:34.440Z
https://www.consignatarias.com.ar/productividad/cordoba/totoral,NEUTRAL,Descubierta: actualmente sin indexar,ROBOTS_TXT_STATE_UNSPECIFIED,INDEXING_STATE_UNSPECIFIED,PAGE_FETCH_STATE_UNSPECIFIED,,,,,2026-09-18T03:05:37.069Z
https://www.consignatarias.com.ar/productividad/cordoba/tulumba,NEUTRAL,Descubierta: actualmente sin indexar,ROBOTS_TXT_STATE_UNSPECIFIED,INDEXING_STATE_UNSPECIFIED,PAGE_FETCH_STATE_UNSPECIFIED,,,,,2026-09-18T03:05:40.443Z
https://www.consignatarias.com.ar/productividad/corrientes/bella-vista,NEUTRAL,Descubierta: actualmente sin indexar,ROBOTS_TXT_STATE_UNSPECIFIED,INDEXING_STATE_UNSPECIFIED,PAGE_FETCH_STATE_UNSPECIFIED,,,,,2026-09-18T03:05:40.609Z
https://www.consignatarias.com.ar/productividad/cordoba/union,NEUTRAL,Descubierta: actualmente sin indexar,ROBOTS_TXT_STATE_UNSPECIFIED,INDEXING_STATE_UNSPECIFIED,PAGE_FETCH_STATE_UNSPECIFIED,,,,,2026-09-18T03:05:40.752Z
https://www.consignatarias.com.ar/productividad/corrientes/beron-de-astrada,PASS,Enviada e indexada,ALLOWED,INDEXING_ALLOWED,SUCCESSFUL,2026-09-16T11:20:02Z,https://www.consignatarias.com.ar/productividad/corrientes/beron-de-astrada,https://www.consignatarias.com.ar/productividad/corrientes/beron-de-astrada,true,2026-09-18T03:05:43.292Z
https://www.consignatarias.com.ar/productividad/corrientes/capital,NEUTRAL,Descubierta: actualmente sin indexar,ROBOTS_TXT_STATE_UNSPECIFIED,INDEXING_STATE_UNSPECIFIED,PAGE_FETCH_STATE_UNSPECIFIED,,,,,2026-09-18T03:05:46.605Z
https://www.consignatarias.com.ar/productividad/corrientes/concepcion,PASS,Enviada e indexada,ALLOWED,INDEXING_ALLOWED,SUCCESSFUL,2026-09-13T08:10:49Z,https://www.consignatarias.com.ar/productividad/corrientes/concepcion,https://www.consignatarias.com.ar/productividad/corrientes/concepcion,true,2026-09-18T03:05:46.883Z
https://www.consignatarias.com.ar/productividad/corrientes/curuzu-cuatia,NEUTRAL,Descubierta: actualmente sin indexar,ROBOTS_TXT_STATE_UNSPECIFIED,INDEXING_STATE_UNSPECIFIED,PAGE_FETCH_STATE_UNSPECIFIED,,,,,2026-09-18T03:05:47.228Z
https://www.consignatarias.com.ar/productividad/corrientes/empedrado,NEUTRAL,Descubierta: actualmente sin indexar,ROBOTS_TXT_STATE_UNSPECIFIED,INDEXING_STATE_UNSPECIFIED,PAGE_FETCH_STATE_UNSPECIFIED,,,,,2026-09-18T03:05:49.476Z
https://www.consignatarias.com.ar/productividad/corrientes/esquina,NEUTRAL,Descubierta: actualmente sin indexar,ROBOTS_TXT_STATE_UNSPECIFIED,INDEXING_STATE_UNSPECIFIED,PAGE_FETCH_STATE_UNSPECIFIED,,,,,2026-09-18T03:05:53.057Z
https://www.consignatarias.com.ar/productividad/corrientes/general-alvear,NEUTRAL,Descubierta: actualmente sin indexar,ROBOTS_TXT_STATE_UNSPECIFIED,INDEXING_STATE_UNSPECIFIED,PAGE_FETCH_STATE_UNSPECIFIED,,,,,2026-09-18T03:05:53.070Z
https://www.consignatarias.com.ar/productividad/corrientes/general-paz,NEUTRAL,Descubierta: actualmente sin indexar,ROBOTS_TXT_STATE_UNSPECIFIED,INDEXING_STATE_UNSPECIFIED,PAGE_FETCH_STATE_UNSPECIFIED,,,,,2026-09-18T03:05:53.715Z
https://www.consignatarias.com.ar/productividad/corrientes/goya,PASS,Enviada e indexada,ALLOWED,INDEXING_ALLOWED,SUCCESSFUL,2026-09-17T00:45:01Z,https://www.consignatarias.com.ar/productividad/corrientes/goya,https://www.consignatarias.com.ar/productividad/corrientes/goya,true,2026-09-18T03:05:55.655Z
https://www.consignatarias.com.ar/productividad/corrientes/itati,PASS,Enviada e indexada,ALLOWED,INDEXING_ALLOWED,SUCCESSFUL,2026-09-14T14:09:49Z,https://www.consignatarias.com.ar/productividad/corrientes/itati,https://www.consignatarias.com.ar/productividad/corrientes/itati,true,2026-09-18T03:05:59.537Z
https://www.consignatarias.com.ar/productividad/corrientes/ituzaingo,PASS,Enviada e indexada,ALLOWED,INDEXING_ALLOWED,SUCCESSFUL,2026-09-15T09:19:52Z,https://www.consignatarias.com.ar/productividad/corrientes/ituzaingo,https://www.consignatarias.com.ar/productividad/corrientes/ituzaingo,true,2026-09-18T03:05:59.616Z
https://www.consignatarias.com.ar/productividad/corrientes/lavalle,PASS,Enviada e indexada,ALLOWED,INDEXING_ALLOWED,SUCCESSFUL,2026-09-17T18:32:32Z,https://www.consignatarias.com.ar/productividad/corrientes/lavalle,https://www.consignatarias.com.ar/productividad/corrientes/lavalle,true,2026-09-18T03:06:00.087Z
https://www.consignatarias.com.ar/productividad/corrientes/mburucuya,PASS,Enviada e indexada,ALLOWED,INDEXING_ALLOWED,SUCCESSFUL,2026-09-13T00:40:00Z,https://www.consignatarias.com.ar/productividad/corrientes/mburucuya,https://www.consignatarias.com.ar/productividad/corrientes/mburucuya,true,2026-09-18T03:06:02.171Z
https://www.consignatarias.com.ar/productividad/corrientes/mercedes,NEUTRAL,Descubierta: actualmente sin indexar,ROBOTS_TXT_STATE_UNSPECIFIED,INDEXING_STATE_UNSPECIFIED,PAGE_FETCH_STATE_UNSPECIFIED,,,,,2026-09-18T03:06:05.906Z
https://www.consignatarias.com.ar/productividad/corrientes/monte-caseros,NEUTRAL,Descubierta: actualmente sin indexar,ROBOTS_TXT_STATE_UNSPECIFIED,INDEXING_STATE_UNSPECIFIED,PAGE_FETCH_STATE_UNSPECIFIED,,,,,2026-09-18T03:06:06.033Z
https://www.consignatarias.com.ar/productividad/corrientes/paso-de-los-libres,NEUTRAL,Descubierta: actualmente sin indexar,ROBOTS_TXT_STATE_UNSPECIFIED,INDEXING_STATE_UNSPECIFIED,PAGE_FETCH_STATE_UNSPECIFIED,,,,,2026-09-18T03:06:06.557Z
https://www.consignatarias.com.ar/productividad/corrientes/saladas,NEUTRAL,Descubierta: actualmente sin indexar,ROBOTS_TXT_STATE_UNSPECIFIED,INDEXING_STATE_UNSPECIFIED,PAGE_FETCH_STATE_UNSPECIFIED,,,,,2026-09-18T03:06:08.448Z
https://www.consignatarias.com.ar/productividad/corrientes/san-cosme,PASS,Enviada e indexada,ALLOWED,INDEXING_ALLOWED,SUCCESSFUL,2026-09-15T17:07:44Z,https://www.consignatarias.com.ar/productividad/corrientes/san-cosme,https://www.consignatarias.com.ar/productividad/corrientes/san-cosme,true,2026-09-18T03:06:12.158Z
https://www.consignatarias.com.ar/productividad/corrientes/san-luis-del-palmar,NEUTRAL,Google no reconoce esta URL,ROBOTS_TXT_STATE_UNSPECIFIED,INDEXING_STATE_UNSPECIFIED,PAGE_FETCH_STATE_UNSPECIFIED,,,,,2026-09-18T03:06:12.266Z
https://www.consignatarias.com.ar/productividad/corrientes/san-martin,NEUTRAL,Descubierta: actualmente sin indexar,ROBOTS_TXT_STATE_UNSPECIFIED,INDEXING_STATE_UNSPECIFIED,PAGE_FETCH_STATE_UNSPECIFIED,,,,,2026-09-18T03:06:12.722Z
https://www.consignatarias.com.ar/productividad/corrientes/san-miguel,PASS,Enviada e indexada,ALLOWED,INDEXING_ALLOWED,SUCCESSFUL,2026-09-12T09:34:33Z,https://www.consignatarias.com.ar/productividad/corrientes/san-miguel,https://www.consignatarias.com.ar/productividad/corrientes/san-miguel,true,2026-09-18T03:06:14.582Z
https://www.consignatarias.com.ar/productividad/corrientes/santo-tome,NEUTRAL,Descubierta: actualmente sin indexar,ROBOTS_TXT_STATE_UNSPECIFIED,INDEXING_STATE_UNSPECIFIED,PAGE_FETCH_STATE_UNSPECIFIED,,,,,2026-09-18T03:06:18.529Z
https://www.consignatarias.com.ar/productividad/corrientes/san-roque,PASS,Enviada e indexada,ALLOWED,INDEXING_ALLOWED,SUCCESSFUL,2026-08-30T22:17:27Z,https://www.consignatarias.com.ar/productividad/corrientes/san-roque,https://www.consignatarias.com.ar/productividad/corrientes/san-roque,true,2026-09-18T03:06:18.719Z
https://www.consignatarias.com.ar/productividad/corrientes/sauce,PASS,Enviada e indexada,ALLOWED,INDEXING_ALLOWED,SUCCESSFUL,2026-09-15T00:00:49Z,https://www.consignatarias.com.ar/productividad/corrientes/sauce,https://www.consignatarias.com.ar/productividad/corrientes/sauce,true,2026-09-18T03:06:19.011Z
https://www.consignatarias.com.ar/productividad/entre-rios/colon,NEUTRAL,Descubierta: actualmente sin indexar,ROBOTS_TXT_STATE_UNSPECIFIED,INDEXING_STATE_UNSPECIFIED,PAGE_FETCH_STATE_UNSPECIFIED,,,,,2026-09-18T03:06:20.916Z
https://www.consignatarias.com.ar/productividad/entre-rios/concordia,PASS,Enviada e indexada,ALLOWED,INDEXING_ALLOWED,SUCCESSFUL,2026-09-11T07:00:33Z,https://www.consignatarias.com.ar/productividad/entre-rios/concordia,https://www.consignatarias.com.ar/productividad/entre-rios/concordia,true,2026-09-18T03:06:24.856Z
https://www.consignatarias.com.ar/productividad/entre-rios/diamante,NEUTRAL,Descubierta: actualmente sin indexar,ROBOTS_TXT_STATE_UNSPECIFIED,INDEXING_STATE_UNSPECIFIED,PAGE_FETCH_STATE_UNSPECIFIED,,,,,2026-09-18T03:06:24.891Z
https://www.consignatarias.com.ar/productividad/entre-rios/federacion,PASS,Enviada e indexada,ALLOWED,INDEXING_ALLOWED,SUCCESSFUL,2026-09-11T11:09:12Z,https://www.consignatarias.com.ar/productividad/entre-rios/federacion,https://www.consignatarias.com.ar/productividad/entre-rios/federacion,true,2026-09-18T03:06:25.404Z
https://www.consignatarias.com.ar/productividad/entre-rios/federal,NEUTRAL,Descubierta: actualmente sin indexar,ROBOTS_TXT_STATE_UNSPECIFIED,INDEXING_STATE_UNSPECIFIED,PAGE_FETCH_STATE_UNSPECIFIED,,,,,2026-09-18T03:06:27.456Z
https://www.consignatarias.com.ar/productividad/entre-rios/feliciano,PASS,Enviada e indexada,ALLOWED,INDEXING_ALLOWED,SUCCESSFUL,2026-09-13T23:11:31Z,https://www.consignatarias.com.ar/productividad/entre-rios/feliciano,https://www.consignatarias.com.ar/productividad/entre-rios/feliciano,true,2026-09-18T03:06:31.075Z
https://www.consignatarias.com.ar/productividad/entre-rios/gualeguay,PASS,Enviada e indexada,ALLOWED,INDEXING_ALLOWED,SUCCESSFUL,2026-09-11T22:12:19Z,https://www.consignatarias.com.ar/productividad/entre-rios/gualeguay,https://www.consignatarias.com.ar/productividad/entre-rios/gualeguay,true,2026-09-18T03:06:31.171Z
https://www.consignatarias.com.ar/productividad/entre-rios/gualeguaychu,PASS,Enviada e indexada,ALLOWED,INDEXING_ALLOWED,SUCCESSFUL,2026-09-15T18:31:20Z,https://www.consignatarias.com.ar/productividad/entre-rios/gualeguaychu,https://www.consignatarias.com.ar/productividad/entre-rios/gualeguaychu,true,2026-09-18T03:06:31.696Z
https://www.consignatarias.com.ar/productividad/entre-rios/islas-del-ibicuy,PASS,Enviada e indexada,ALLOWED,INDEXING_ALLOWED,SUCCESSFUL,2026-09-11T01:58:15Z,https://www.consignatarias.com.ar/productividad/entre-rios/islas-del-ibicuy,https://www.consignatarias.com.ar/productividad/entre-rios/islas-del-ibicuy,true,2026-09-18T03:06:33.671Z
https://www.consignatarias.com.ar/productividad/entre-rios/nogoya,NEUTRAL,Descubierta: actualmente sin indexar,ROBOTS_TXT_STATE_UNSPECIFIED,INDEXING_STATE_UNSPECIFIED,PAGE_FETCH_STATE_UNSPECIFIED,,,,,2026-09-18T03:06:37.365Z
https://www.consignatarias.com.ar/productividad/entre-rios/la-paz,PASS,Enviada e indexada,ALLOWED,INDEXING_ALLOWED,SUCCESSFUL,2026-09-15T01:12:33Z,https://www.consignatarias.com.ar/productividad/entre-rios/la-paz,https://www.consignatarias.com.ar/productividad/entre-rios/la-paz,true,2026-09-18T03:06:37.418Z
https://www.consignatarias.com.ar/productividad/entre-rios/parana,NEUTRAL,Descubierta: actualmente sin indexar,ROBOTS_TXT_STATE_UNSPECIFIED,INDEXING_STATE_UNSPECIFIED,PAGE_FETCH_STATE_UNSPECIFIED,,,,,2026-09-18T03:06:37.951Z
https://www.consignatarias.com.ar/productividad/entre-rios/san-salvador,NEUTRAL,Descubierta: actualmente sin indexar,ROBOTS_TXT_STATE_UNSPECIFIED,INDEXING_STATE_UNSPECIFIED,PAGE_FETCH_STATE_UNSPECIFIED,,,,,2026-09-18T03:06:39.847Z
https://www.consignatarias.com.ar/productividad/entre-rios/tala,NEUTRAL,Descubierta: actualmente sin indexar,ROBOTS_TXT_STATE_UNSPECIFIED,INDEXING_STATE_UNSPECIFIED,PAGE_FETCH_STATE_UNSPECIFIED,,,,,2026-09-18T03:06:43.518Z
https://www.consignatarias.com.ar/productividad/entre-rios/uruguay,PASS,Enviada e indexada,ALLOWED,INDEXING_ALLOWED,SUCCESSFUL,2026-09-17T04:33:59Z,https://www.consignatarias.com.ar/productividad/entre-rios/uruguay,https://www.consignatarias.com.ar/productividad/entre-rios/uruguay,true,2026-09-18T03:06:43.756Z
https://www.consignatarias.com.ar/productividad/entre-rios/victoria,PASS,Enviada e indexada,ALLOWED,INDEXING_ALLOWED,SUCCESSFUL,2026-09-14T06:43:25Z,https://www.consignatarias.com.ar/productividad/entre-rios/victoria,https://www.consignatarias.com.ar/productividad/entre-rios/victoria,true,2026-09-18T03:06:44.119Z
https://www.consignatarias.com.ar/productividad/entre-rios/villaguay,NEUTRAL,Descubierta: actualmente sin indexar,ROBOTS_TXT_STATE_UNSPECIFIED,INDEXING_STATE_UNSPECIFIED,PAGE_FETCH_STATE_UNSPECIFIED,,,,,2026-09-18T03:06:46.249Z
https://www.consignatarias.com.ar/productividad/formosa/bermejo,NEUTRAL,Descubierta: actualmente sin indexar,ROBOTS_TXT_STATE_UNSPECIFIED,INDEXING_STATE_UNSPECIFIED,PAGE_FETCH_STATE_UNSPECIFIED,,,,,2026-09-18T03:06:49.823Z
https://www.consignatarias.com.ar/productividad/formosa/formosa,NEUTRAL,Descubierta: actualmente sin indexar,ROBOTS_TXT_STATE_UNSPECIFIED,INDEXING_STATE_UNSPECIFIED,PAGE_FETCH_STATE_UNSPECIFIED,,,,,2026-09-18T03:06:50.095Z
https://www.consignatarias.com.ar/productividad/formosa/laishi,PASS,Enviada e indexada,ALLOWED,INDEXING_ALLOWED,SUCCESSFUL,2026-09-15T07:40:58Z,https://www.consignatarias.com.ar/productividad/formosa/laishi,https://www.consignatarias.com.ar/productividad/formosa/laishi,true,2026-09-18T03:06:50.385Z
https://www.consignatarias.com.ar/productividad/formosa/matacos,PASS,Enviada e indexada,ALLOWED,INDEXING_ALLOWED,SUCCESSFUL,2026-09-16T16:47:59Z,https://www.consignatarias.com.ar/productividad/formosa/matacos,https://www.consignatarias.com.ar/productividad/formosa/matacos,true,2026-09-18T03:06:52.467Z
https://www.consignatarias.com.ar/productividad/formosa/patino,NEUTRAL,Descubierta: actualmente sin indexar,ROBOTS_TXT_STATE_UNSPECIFIED,INDEXING_STATE_UNSPECIFIED,PAGE_FETCH_STATE_UNSPECIFIED,,,,,2026-09-18T03:06:55.963Z
https://www.consignatarias.com.ar/productividad/formosa/pilagas,PASS,Enviada e indexada,ALLOWED,INDEXING_ALLOWED,SUCCESSFUL,2026-09-15T21:39:28Z,https://www.consignatarias.com.ar/productividad/formosa/pilagas,https://www.consignatarias.com.ar/productividad/formosa/pilagas,true,2026-09-18T03:06:56.239Z
https://www.consignatarias.com.ar/productividad/formosa/pilcomayo,NEUTRAL,Descubierta: actualmente sin indexar,ROBOTS_TXT_STATE_UNSPECIFIED,INDEXING_STATE_UNSPECIFIED,PAGE_FETCH_STATE_UNSPECIFIED,,,,,2026-09-18T03:06:56.666Z
https://www.consignatarias.com.ar/productividad/formosa/pirane,NEUTRAL,Descubierta: actualmente sin indexar,ROBOTS_TXT_STATE_UNSPECIFIED,INDEXING_STATE_UNSPECIFIED,PAGE_FETCH_STATE_UNSPECIFIED,,,,,2026-09-18T03:06:58.690Z
https://www.consignatarias.com.ar/productividad/formosa/ramon-lista,NEUTRAL,Descubierta: actualmente sin indexar,ROBOTS_TXT_STATE_UNSPECIFIED,INDEXING_STATE_UNSPECIFIED,PAGE_FETCH_STATE_UNSPECIFIED,,,,,2026-09-18T03:07:02.086Z
https://www.consignatarias.com.ar/productividad/jujuy/capital,NEUTRAL,Descubierta: actualmente sin indexar,ROBOTS_TXT_STATE_UNSPECIFIED,INDEXING_STATE_UNSPECIFIED,PAGE_FETCH_STATE_UNSPECIFIED,,,,,2026-09-18T03:07:02.485Z
https://www.consignatarias.com.ar/productividad/jujuy/cochinoca,NEUTRAL,Google no reconoce esta URL,ROBOTS_TXT_STATE_UNSPECIFIED,INDEXING_STATE_UNSPECIFIED,PAGE_FETCH_STATE_UNSPECIFIED,,,,,2026-09-18T03:07:02.860Z
https://www.consignatarias.com.ar/productividad/jujuy/el-carmen,NEUTRAL,Descubierta: actualmente sin indexar,ROBOTS_TXT_STATE_UNSPECIFIED,INDEXING_STATE_UNSPECIFIED,PAGE_FETCH_STATE_UNSPECIFIED,,,,,2026-09-18T03:07:04.935Z
https://www.consignatarias.com.ar/productividad/jujuy/humahuaca,NEUTRAL,Descubierta: actualmente sin indexar,ROBOTS_TXT_STATE_UNSPECIFIED,INDEXING_STATE_UNSPECIFIED,PAGE_FETCH_STATE_UNSPECIFIED,,,,,2026-09-18T03:07:08.350Z
https://www.consignatarias.com.ar/productividad/jujuy/ledesma,PASS,Enviada e indexada,ALLOWED,INDEXING_ALLOWED,SUCCESSFUL,2026-09-12T05:41:37Z,https://www.consignatarias.com.ar/productividad/jujuy/ledesma,https://www.consignatarias.com.ar/productividad/jujuy/ledesma,true,2026-09-18T03:07:08.920Z
https://www.consignatarias.com.ar/productividad/jujuy/palpala,NEUTRAL,Descubierta: actualmente sin indexar,ROBOTS_TXT_STATE_UNSPECIFIED,INDEXING_STATE_UNSPECIFIED,PAGE_FETCH_STATE_UNSPECIFIED,,,,,2026-09-18T03:07:09.087Z
https://www.consignatarias.com.ar/productividad/jujuy/rinconada,PASS,Enviada e indexada,ALLOWED,INDEXING_ALLOWED,SUCCESSFUL,2026-09-17T10:39:17Z,https://www.consignatarias.com.ar/productividad/jujuy/rinconada,https://www.consignatarias.com.ar/productividad/jujuy/rinconada,true,2026-09-18T03:07:11.196Z
https://www.consignatarias.com.ar/productividad/jujuy/san-antonio,NEUTRAL,Descubierta: actualmente sin indexar,ROBOTS_TXT_STATE_UNSPECIFIED,INDEXING_STATE_UNSPECIFIED,PAGE_FETCH_STATE_UNSPECIFIED,,,,,2026-09-18T03:07:14.559Z
https://www.consignatarias.com.ar/productividad/jujuy/santa-barbara,PASS,Enviada e indexada,ALLOWED,INDEXING_ALLOWED,SUCCESSFUL,2026-09-14T18:28:03Z,https://www.consignatarias.com.ar/productividad/jujuy/santa-barbara,https://www.consignatarias.com.ar/productividad/jujuy/santa-barbara,true,2026-09-18T03:07:15.289Z
https://www.consignatarias.com.ar/productividad/jujuy/san-pedro,NEUTRAL,Google no reconoce esta URL,ROBOTS_TXT_STATE_UNSPECIFIED,INDEXING_STATE_UNSPECIFIED,PAGE_FETCH_STATE_UNSPECIFIED,,,,,2026-09-18T03:07:15.325Z
https://www.consignatarias.com.ar/productividad/jujuy/santa-catalina,NEUTRAL,Descubierta: actualmente sin indexar,ROBOTS_TXT_STATE_UNSPECIFIED,INDEXING_STATE_UNSPECIFIED,PAGE_FETCH_STATE_UNSPECIFIED,,,,,2026-09-18T03:07:20.376Z
https://www.consignatarias.com.ar/productividad/jujuy/susques,PASS,Enviada e indexada,ALLOWED,INDEXING_ALLOWED,SUCCESSFUL,2026-09-16T06:36:22Z,https://www.consignatarias.com.ar/productividad/jujuy/susques,https://www.consignatarias.com.ar/productividad/jujuy/susques,true,2026-09-18T03:07:20.668Z
https://www.consignatarias.com.ar/productividad/jujuy/tilcara,NEUTRAL,Descubierta: actualmente sin indexar,ROBOTS_TXT_STATE_UNSPECIFIED,INDEXING_STATE_UNSPECIFIED,PAGE_FETCH_STATE_UNSPECIFIED,,,,,2026-09-18T03:07:21.454Z
https://www.consignatarias.com.ar/productividad/jujuy/tumbaya,PASS,Enviada e indexada,ALLOWED,INDEXING_ALLOWED,SUCCESSFUL,2026-09-11T20:48:48Z,https://www.consignatarias.com.ar/productividad/jujuy/tumbaya,https://www.consignatarias.com.ar/productividad/jujuy/tumbaya,true,2026-09-18T03:07:21.530Z
https://www.consignatarias.com.ar/productividad/jujuy/valle-grande,NEUTRAL,Descubierta: actualmente sin indexar,ROBOTS_TXT_STATE_UNSPECIFIED,INDEXING_STATE_UNSPECIFIED,PAGE_FETCH_STATE_UNSPECIFIED,,,,,2026-09-18T03:07:26.652Z
https://www.consignatarias.com.ar/productividad/jujuy/yavi,PASS,Enviada e indexada,ALLOWED,INDEXING_ALLOWED,SUCCESSFUL,2026-09-14T17:44:10Z,https://www.consignatarias.com.ar/productividad/jujuy/yavi,https://www.consignatarias.com.ar/productividad/jujuy/yavi,true,2026-09-18T03:07:26.932Z
https://www.consignatarias.com.ar/productividad/la-pampa/atreuco,NEUTRAL,Descubierta: actualmente sin indexar,ROBOTS_TXT_STATE_UNSPECIFIED,INDEXING_STATE_UNSPECIFIED,PAGE_FETCH_STATE_UNSPECIFIED,,,,,2026-09-18T03:07:27.730Z
https://www.consignatarias.com.ar/productividad/la-pampa/caleu-caleu,NEUTRAL,Google no reconoce esta URL,ROBOTS_TXT_STATE_UNSPECIFIED,INDEXING_STATE_UNSPECIFIED,PAGE_FETCH_STATE_UNSPECIFIED,,,,,2026-09-18T03:07:27.752Z
https://www.consignatarias.com.ar/productividad/la-pampa/capital,NEUTRAL,Descubierta: actualmente sin indexar,ROBOTS_TXT_STATE_UNSPECIFIED,INDEXING_STATE_UNSPECIFIED,PAGE_FETCH_STATE_UNSPECIFIED,,,,,2026-09-18T03:07:32.771Z
https://www.consignatarias.com.ar/productividad/la-pampa/catrilo,PASS,Enviada e indexada,ALLOWED,INDEXING_ALLOWED,SUCCESSFUL,2026-09-13T12:43:23Z,https://www.consignatarias.com.ar/productividad/la-pampa/catrilo,https://www.consignatarias.com.ar/productividad/la-pampa/catrilo,true,2026-09-18T03:07:33.429Z
https://www.consignatarias.com.ar/productividad/la-pampa/chapaleufu,NEUTRAL,Descubierta: actualmente sin indexar,ROBOTS_TXT_STATE_UNSPECIFIED,INDEXING_STATE_UNSPECIFIED,PAGE_FETCH_STATE_UNSPECIFIED,,,,,2026-09-18T03:07:33.931Z
https://www.consignatarias.com.ar/productividad/la-pampa/chalileo,NEUTRAL,Rastreada: actualmente sin indexar,ALLOWED,INDEXING_STATE_UNSPECIFIED,SUCCESSFUL,2026-09-18T03:04:16Z,,,,2026-09-18T03:07:33.938Z
https://www.consignatarias.com.ar/productividad/la-pampa/chical-co,NEUTRAL,Descubierta: actualmente sin indexar,ROBOTS_TXT_STATE_UNSPECIFIED,INDEXING_STATE_UNSPECIFIED,PAGE_FETCH_STATE_UNSPECIFIED,,,,,2026-09-18T03:07:38.947Z
https://www.consignatarias.com.ar/productividad/la-pampa/conhelo,NEUTRAL,Descubierta: actualmente sin indexar,ROBOTS_TXT_STATE_UNSPECIFIED,INDEXING_STATE_UNSPECIFIED,PAGE_FETCH_STATE_UNSPECIFIED,,,,,2026-09-18T03:07:39.705Z
https://www.consignatarias.com.ar/productividad/la-pampa/guatrache,NEUTRAL,Descubierta: actualmente sin indexar,ROBOTS_TXT_STATE_UNSPECIFIED,INDEXING_STATE_UNSPECIFIED,PAGE_FETCH_STATE_UNSPECIFIED,,,,,2026-09-18T03:07:40.248Z
https://www.consignatarias.com.ar/productividad/la-pampa/curaco,PASS,Enviada e indexada,ALLOWED,INDEXING_ALLOWED,SUCCESSFUL,2026-09-10T14:58:23Z,https://www.consignatarias.com.ar/productividad/la-pampa/curaco,https://www.consignatarias.com.ar/productividad/la-pampa/curaco,true,2026-09-18T03:07:40.260Z
https://www.consignatarias.com.ar/productividad/la-pampa/hucal,NEUTRAL,Descubierta: actualmente sin indexar,ROBOTS_TXT_STATE_UNSPECIFIED,INDEXING_STATE_UNSPECIFIED,PAGE_FETCH_STATE_UNSPECIFIED,,,,,2026-09-18T03:07:45.245Z
https://www.consignatarias.com.ar/productividad/la-pampa/lihuel-calel,NEUTRAL,Descubierta: actualmente sin indexar,ROBOTS_TXT_STATE_UNSPECIFIED,INDEXING_STATE_UNSPECIFIED,PAGE_FETCH_STATE_UNSPECIFIED,,,,,2026-09-18T03:07:46.042Z
https://www.consignatarias.com.ar/productividad/la-pampa/loventue,NEUTRAL,Google no reconoce esta URL,ROBOTS_TXT_STATE_UNSPECIFIED,INDEXING_STATE_UNSPECIFIED,PAGE_FETCH_STATE_UNSPECIFIED,,,,,2026-09-18T03:07:46.479Z
https://www.consignatarias.com.ar/productividad/la-pampa/limay-mahuida,NEUTRAL,Google no reconoce esta URL,ROBOTS_TXT_STATE_UNSPECIFIED,INDEXING_STATE_UNSPECIFIED,PAGE_FETCH_STATE_UNSPECIFIED,,,,,2026-09-18T03:07:46.578Z
https://www.consignatarias.com.ar/productividad/la-pampa/maraco,PASS,Enviada e indexada,ALLOWED,INDEXING_ALLOWED,SUCCESSFUL,2026-09-14T16:46:26Z,https://www.consignatarias.com.ar/productividad/la-pampa/maraco,https://www.consignatarias.com.ar/productividad/la-pampa/maraco,true,2026-09-18T03:07:51.486Z
https://www.consignatarias.com.ar/productividad/la-pampa/puelen,NEUTRAL,Descubierta: actualmente sin indexar,ROBOTS_TXT_STATE_UNSPECIFIED,INDEXING_STATE_UNSPECIFIED,PAGE_FETCH_STATE_UNSPECIFIED,,,,,2026-09-18T03:07:52.203Z
https://www.consignatarias.com.ar/productividad/la-pampa/rancul,NEUTRAL,Descubierta: actualmente sin indexar,ROBOTS_TXT_STATE_UNSPECIFIED,INDEXING_STATE_UNSPECIFIED,PAGE_FETCH_STATE_UNSPECIFIED,,,,,2026-09-18T03:07:52.800Z
https://www.consignatarias.com.ar/productividad/la-pampa/quemu-quemu,PASS,Enviada e indexada,ALLOWED,INDEXING_ALLOWED,SUCCESSFUL,2026-09-17T00:50:00Z,https://www.consignatarias.com.ar/productividad/la-pampa/quemu-quemu,https://www.consignatarias.com.ar/productividad/la-pampa/quemu-quemu,true,2026-09-18T03:07:52.940Z
https://www.consignatarias.com.ar/productividad/la-pampa/realico,NEUTRAL,Descubierta: actualmente sin indexar,ROBOTS_TXT_STATE_UNSPECIFIED,INDEXING_STATE_UNSPECIFIED,PAGE_FETCH_STATE_UNSPECIFIED,,,,,2026-09-18T03:07:57.662Z
https://www.consignatarias.com.ar/productividad/la-pampa/toay,PASS,Enviada e indexada,ALLOWED,INDEXING_ALLOWED,SUCCESSFUL,2026-09-14T22:56:03Z,https://www.consignatarias.com.ar/productividad/la-pampa/toay,https://www.consignatarias.com.ar/productividad/la-pampa/toay,true,2026-09-18T03:07:58.327Z
https://www.consignatarias.com.ar/productividad/la-pampa/trenel,NEUTRAL,Google no reconoce esta URL,ROBOTS_TXT_STATE_UNSPECIFIED,INDEXING_STATE_UNSPECIFIED,PAGE_FETCH_STATE_UNSPECIFIED,,,,,2026-09-18T03:07:59.015Z
https://www.consignatarias.com.ar/productividad/la-pampa/utracan,PASS,Enviada e indexada,ALLOWED,INDEXING_ALLOWED,SUCCESSFUL,2026-09-14T08:46:11Z,https://www.consignatarias.com.ar/productividad/la-pampa/utracan,https://www.consignatarias.com.ar/productividad/la-pampa/utracan,true,2026-09-18T03:07:59.200Z
https://www.consignatarias.com.ar/productividad/la-rioja/castro-barros,PASS,Enviada e indexada,ALLOWED,INDEXING_ALLOWED,SUCCESSFUL,2026-09-14T22:28:54Z,https://www.consignatarias.com.ar/productividad/la-rioja/castro-barros,https://www.consignatarias.com.ar/productividad/la-rioja/castro-barros,true,2026-09-18T03:08:04.597Z
https://www.consignatarias.com.ar/productividad/la-rioja/coronel-juan-facundo-quiroga,PASS,Enviada e indexada,ALLOWED,INDEXING_ALLOWED,SUCCESSFUL,2026-09-13T23:12:13Z,https://www.consignatarias.com.ar/productividad/la-rioja/coronel-juan-facundo-quiroga,https://www.consignatarias.com.ar/productividad/la-rioja/coronel-juan-facundo-quiroga,true,2026-09-18T03:08:05.568Z
https://www.consignatarias.com.ar/productividad/la-rioja/capital,NEUTRAL,Descubierta: actualmente sin indexar,ROBOTS_TXT_STATE_UNSPECIFIED,INDEXING_STATE_UNSPECIFIED,PAGE_FETCH_STATE_UNSPECIFIED,,,,,2026-09-18T03:08:09.671Z
https://www.consignatarias.com.ar/productividad/la-rioja/chamical,NEUTRAL,Descubierta: actualmente sin indexar,ROBOTS_TXT_STATE_UNSPECIFIED,INDEXING_STATE_UNSPECIFIED,PAGE_FETCH_STATE_UNSPECIFIED,,,,,2026-09-18T03:08:10.800Z
https://www.consignatarias.com.ar/productividad/la-rioja/general-angel-v-penaloza,PASS,Enviada e indexada,ALLOWED,INDEXING_ALLOWED,SUCCESSFUL,2026-09-12T02:16:13Z,https://www.consignatarias.com.ar/productividad/la-rioja/general-angel-v-penaloza,https://www.consignatarias.com.ar/productividad/la-rioja/general-angel-v-penaloza,true,2026-09-18T03:08:10.802Z
https://www.consignatarias.com.ar/productividad/la-rioja/general-belgrano,NEUTRAL,Google no reconoce esta URL,ROBOTS_TXT_STATE_UNSPECIFIED,INDEXING_STATE_UNSPECIFIED,PAGE_FETCH_STATE_UNSPECIFIED,,,,,2026-09-18T03:08:11.944Z
https://www.consignatarias.com.ar/productividad/la-rioja/general-ocampo,PASS,Enviada e indexada,ALLOWED,INDEXING_ALLOWED,SUCCESSFUL,2026-09-17T16:36:06Z,https://www.consignatarias.com.ar/productividad/la-rioja/general-ocampo,https://www.consignatarias.com.ar/productividad/la-rioja/general-ocampo,true,2026-09-18T03:08:15.902Z
https://www.consignatarias.com.ar/productividad/la-rioja/independencia,NEUTRAL,Descubierta: actualmente sin indexar,ROBOTS_TXT_STATE_UNSPECIFIED,INDEXING_STATE_UNSPECIFIED,PAGE_FETCH_STATE_UNSPECIFIED,,,,,2026-09-18T03:08:16.989Z
https://www.consignatarias.com.ar/productividad/la-rioja/general-san-martin,NEUTRAL,Descubierta: actualmente sin indexar,ROBOTS_TXT_STATE_UNSPECIFIED,INDEXING_STATE_UNSPECIFIED,PAGE_FETCH_STATE_UNSPECIFIED,,,,,2026-09-18T03:08:17.306Z
https://www.consignatarias.com.ar/productividad/la-rioja/rosario-vera-penaloza,PASS,Enviada e indexada,ALLOWED,INDEXING_ALLOWED,SUCCESSFUL,2026-09-11T04:56:52Z,https://www.consignatarias.com.ar/productividad/la-rioja/rosario-vera-penaloza,https://www.consignatarias.com.ar/productividad/la-rioja/rosario-vera-penaloza,true,2026-09-18T03:08:18.192Z
https://www.consignatarias.com.ar/productividad/mendoza/general-alvear,NEUTRAL,Descubierta: actualmente sin indexar,ROBOTS_TXT_STATE_UNSPECIFIED,INDEXING_STATE_UNSPECIFIED,PAGE_FETCH_STATE_UNSPECIFIED,,,,,2026-09-18T03:08:22.054Z
https://www.consignatarias.com.ar/productividad/mendoza/la-paz,PASS,Enviada e indexada,ALLOWED,INDEXING_ALLOWED,SUCCESSFUL,2026-09-06T10:19:17Z,https://www.consignatarias.com.ar/productividad/mendoza/la-paz,https://www.consignatarias.com.ar/productividad/mendoza/la-paz,true,2026-09-18T03:08:23.165Z
https://www.consignatarias.com.ar/productividad/mendoza/las-heras,NEUTRAL,Descubierta: actualmente sin indexar,ROBOTS_TXT_STATE_UNSPECIFIED,INDEXING_STATE_UNSPECIFIED,PAGE_FETCH_STATE_UNSPECIFIED,,,,,2026-09-18T03:08:23.486Z
https://www.consignatarias.com.ar/productividad/mendoza/lavalle,NEUTRAL,Descubierta: actualmente sin indexar,ROBOTS_TXT_STATE_UNSPECIFIED,INDEXING_STATE_UNSPECIFIED,PAGE_FETCH_STATE_UNSPECIFIED,,,,,2026-09-18T03:08:24.517Z
https://www.consignatarias.com.ar/productividad/mendoza/lujan-de-cuyo,NEUTRAL,Descubierta: actualmente sin indexar,ROBOTS_TXT_STATE_UNSPECIFIED,INDEXING_STATE_UNSPECIFIED,PAGE_FETCH_STATE_UNSPECIFIED,,,,,2026-09-18T03:08:28.295Z
https://www.consignatarias.com.ar/productividad/mendoza/maipu,NEUTRAL,Google no reconoce esta URL,ROBOTS_TXT_STATE_UNSPECIFIED,INDEXING_STATE_UNSPECIFIED,PAGE_FETCH_STATE_UNSPECIFIED,,,,,2026-09-18T03:08:29.392Z
https://www.consignatarias.com.ar/productividad/mendoza/malargue,NEUTRAL,Descubierta: actualmente sin indexar,ROBOTS_TXT_STATE_UNSPECIFIED,INDEXING_STATE_UNSPECIFIED,PAGE_FETCH_STATE_UNSPECIFIED,,,,,2026-09-18T03:08:29.625Z
https://www.consignatarias.com.ar/productividad/mendoza/rivadavia,PASS,Enviada e indexada,ALLOWED,INDEXING_ALLOWED,SUCCESSFUL,2026-09-17T03:04:55Z,https://www.consignatarias.com.ar/productividad/mendoza/rivadavia,https://www.consignatarias.com.ar/productividad/mendoza/rivadavia,true,2026-09-18T03:08:30.762Z
https://www.consignatarias.com.ar/productividad/mendoza/san-carlos,PASS,Enviada e indexada,ALLOWED,INDEXING_ALLOWED,SUCCESSFUL,2026-09-17T10:37:24Z,https://www.consignatarias.com.ar/productividad/mendoza/san-carlos,https://www.consignatarias.com.ar/productividad/mendoza/san-carlos,true,2026-09-18T03:08:34.632Z
https://www.consignatarias.com.ar/productividad/mendoza/san-martin,NEUTRAL,Descubierta: actualmente sin indexar,ROBOTS_TXT_STATE_UNSPECIFIED,INDEXING_STATE_UNSPECIFIED,PAGE_FETCH_STATE_UNSPECIFIED,,,,,2026-09-18T03:08:35.642Z
https://www.consignatarias.com.ar/productividad/mendoza/san-rafael,NEUTRAL,Descubierta: actualmente sin indexar,ROBOTS_TXT_STATE_UNSPECIFIED,INDEXING_STATE_UNSPECIFIED,PAGE_FETCH_STATE_UNSPECIFIED,,,,,2026-09-18T03:08:36.068Z
https://www.consignatarias.com.ar/productividad/mendoza/santa-rosa,NEUTRAL,Descubierta: actualmente sin indexar,ROBOTS_TXT_STATE_UNSPECIFIED,INDEXING_STATE_UNSPECIFIED,PAGE_FETCH_STATE_UNSPECIFIED,,,,,2026-09-18T03:08:37.086Z
https://www.consignatarias.com.ar/productividad/mendoza/tunuyan,NEUTRAL,Descubierta: actualmente sin indexar,ROBOTS_TXT_STATE_UNSPECIFIED,INDEXING_STATE_UNSPECIFIED,PAGE_FETCH_STATE_UNSPECIFIED,,,,,2026-09-18T03:08:40.896Z
https://www.consignatarias.com.ar/productividad/mendoza/tupungato,NEUTRAL,Descubierta: actualmente sin indexar,ROBOTS_TXT_STATE_UNSPECIFIED,INDEXING_STATE_UNSPECIFIED,PAGE_FETCH_STATE_UNSPECIFIED,,,,,2026-09-18T03:08:41.767Z
https://www.consignatarias.com.ar/productividad/misiones/apostoles,PASS,Enviada e indexada,ALLOWED,INDEXING_ALLOWED,SUCCESSFUL,2026-09-16T17:19:56Z,https://www.consignatarias.com.ar/productividad/misiones/apostoles,https://www.consignatarias.com.ar/productividad/misiones/apostoles,true,2026-09-18T03:08:42.280Z
https://www.consignatarias.com.ar/productividad/misiones/cainguas,PASS,Enviada e indexada,ALLOWED,INDEXING_ALLOWED,SUCCESSFUL,2026-09-11T04:53:58Z,https://www.consignatarias.com.ar/productividad/misiones/cainguas,https://www.consignatarias.com.ar/productividad/misiones/cainguas,true,2026-09-18T03:08:43.389Z
https://www.consignatarias.com.ar/productividad/misiones/candelaria,NEUTRAL,Descubierta: actualmente sin indexar,ROBOTS_TXT_STATE_UNSPECIFIED,INDEXING_STATE_UNSPECIFIED,PAGE_FETCH_STATE_UNSPECIFIED,,,,,2026-09-18T03:08:47.077Z
https://www.consignatarias.com.ar/productividad/misiones/capital,NEUTRAL,Descubierta: actualmente sin indexar,ROBOTS_TXT_STATE_UNSPECIFIED,INDEXING_STATE_UNSPECIFIED,PAGE_FETCH_STATE_UNSPECIFIED,,,,,2026-09-18T03:08:48.057Z
https://www.consignatarias.com.ar/productividad/misiones/concepcion,NEUTRAL,Descubierta: actualmente sin indexar,ROBOTS_TXT_STATE_UNSPECIFIED,INDEXING_STATE_UNSPECIFIED,PAGE_FETCH_STATE_UNSPECIFIED,,,,,2026-09-18T03:08:48.458Z
https://www.consignatarias.com.ar/productividad/misiones/el-dorado,NEUTRAL,Descubierta: actualmente sin indexar,ROBOTS_TXT_STATE_UNSPECIFIED,INDEXING_STATE_UNSPECIFIED,PAGE_FETCH_STATE_UNSPECIFIED,,,,,2026-09-18T03:08:49.620Z
https://www.consignatarias.com.ar/productividad/misiones/general-manuel-belgrano,NEUTRAL,Descubierta: actualmente sin indexar,ROBOTS_TXT_STATE_UNSPECIFIED,INDEXING_STATE_UNSPECIFIED,PAGE_FETCH_STATE_UNSPECIFIED,,,,,2026-09-18T03:08:53.317Z
https://www.consignatarias.com.ar/productividad/misiones/guarani,PASS,Enviada e indexada,ALLOWED,INDEXING_ALLOWED,SUCCESSFUL,2026-09-16T19:25:46Z,https://www.consignatarias.com.ar/productividad/misiones/guarani,https://www.consignatarias.com.ar/productividad/misiones/guarani,true,2026-09-18T03:08:54.229Z
https://www.consignatarias.com.ar/productividad/misiones/iguazu,NEUTRAL,Descubierta: actualmente sin indexar,ROBOTS_TXT_STATE_UNSPECIFIED,INDEXING_STATE_UNSPECIFIED,PAGE_FETCH_STATE_UNSPECIFIED,,,,,2026-09-18T03:08:54.840Z
https://www.consignatarias.com.ar/productividad/misiones/leandro-n-alem,NEUTRAL,Descubierta: actualmente sin indexar,ROBOTS_TXT_STATE_UNSPECIFIED,INDEXING_STATE_UNSPECIFIED,PAGE_FETCH_STATE_UNSPECIFIED,,,,,2026-09-18T03:08:56.022Z
https://www.consignatarias.com.ar/productividad/misiones/libertador-general-san-martin,PASS,Enviada e indexada,ALLOWED,INDEXING_ALLOWED,SUCCESSFUL,2026-09-17T11:50:37Z,https://www.consignatarias.com.ar/productividad/misiones/libertador-general-san-martin,https://www.consignatarias.com.ar/productividad/misiones/libertador-general-san-martin,true,2026-09-18T03:08:59.584Z
https://www.consignatarias.com.ar/productividad/misiones/montecarlo,NEUTRAL,Descubierta: actualmente sin indexar,ROBOTS_TXT_STATE_UNSPECIFIED,INDEXING_STATE_UNSPECIFIED,PAGE_FETCH_STATE_UNSPECIFIED,,,,,2026-09-18T03:09:00.429Z
https://www.consignatarias.com.ar/productividad/misiones/obera,NEUTRAL,Descubierta: actualmente sin indexar,ROBOTS_TXT_STATE_UNSPECIFIED,INDEXING_STATE_UNSPECIFIED,PAGE_FETCH_STATE_UNSPECIFIED,,,,,2026-09-18T03:09:01.117Z
https://www.consignatarias.com.ar/productividad/misiones/san-ignacio,NEUTRAL,Google no reconoce esta URL,ROBOTS_TXT_STATE_UNSPECIFIED,INDEXING_STATE_UNSPECIFIED,PAGE_FETCH_STATE_UNSPECIFIED,,,,,2026-09-18T03:09:02.456Z
https://www.consignatarias.com.ar/productividad/misiones/san-javier,NEUTRAL,Descubierta: actualmente sin indexar,ROBOTS_TXT_STATE_UNSPECIFIED,INDEXING_STATE_UNSPECIFIED,PAGE_FETCH_STATE_UNSPECIFIED,,,,,2026-09-18T03:09:05.839Z
https://www.consignatarias.com.ar/productividad/misiones/san-pedro,NEUTRAL,Descubierta: actualmente sin indexar,ROBOTS_TXT_STATE_UNSPECIFIED,INDEXING_STATE_UNSPECIFIED,PAGE_FETCH_STATE_UNSPECIFIED,,,,,2026-09-18T03:09:06.762Z
https://www.consignatarias.com.ar/productividad/misiones/veinticinco-de-mayo,NEUTRAL,Google no reconoce esta URL,ROBOTS_TXT_STATE_UNSPECIFIED,INDEXING_STATE_UNSPECIFIED,PAGE_FETCH_STATE_UNSPECIFIED,,,,,2026-09-18T03:09:07.450Z
https://www.consignatarias.com.ar/productividad/neuquen/alumine,NEUTRAL,Descubierta: actualmente sin indexar,ROBOTS_TXT_STATE_UNSPECIFIED,INDEXING_STATE_UNSPECIFIED,PAGE_FETCH_STATE_UNSPECIFIED,,,,,2026-09-18T03:09:08.868Z
https://www.consignatarias.com.ar/productividad/neuquen/anelo,PASS,Enviada e indexada,ALLOWED,INDEXING_ALLOWED,SUCCESSFUL,2026-09-12T06:54:41Z,https://www.consignatarias.com.ar/productividad/neuquen/anelo,https://www.consignatarias.com.ar/productividad/neuquen/anelo,true,2026-09-18T03:09:12.025Z
https://www.consignatarias.com.ar/productividad/neuquen/catan-lil,PASS,Enviada e indexada,ALLOWED,INDEXING_ALLOWED,SUCCESSFUL,2026-09-15T12:24:39Z,https://www.consignatarias.com.ar/productividad/neuquen/catan-lil,https://www.consignatarias.com.ar/productividad/neuquen/catan-lil,true,2026-09-18T03:09:13.312Z
https://www.consignatarias.com.ar/productividad/neuquen/chos-malal,NEUTRAL,Google no reconoce esta URL,ROBOTS_TXT_STATE_UNSPECIFIED,INDEXING_STATE_UNSPECIFIED,PAGE_FETCH_STATE_UNSPECIFIED,,,,,2026-09-18T03:09:13.689Z
https://www.consignatarias.com.ar/productividad/neuquen/collon-cura,NEUTRAL,Descubierta: actualmente sin indexar,ROBOTS_TXT_STATE_UNSPECIFIED,INDEXING_STATE_UNSPECIFIED,PAGE_FETCH_STATE_UNSPECIFIED,,,,,2026-09-18T03:09:15.345Z
https://www.consignatarias.com.ar/productividad/neuquen/confluencia,PASS,Enviada e indexada,ALLOWED,INDEXING_ALLOWED,SUCCESSFUL,2026-09-16T16:24:40Z,https://www.consignatarias.com.ar/productividad/neuquen/confluencia,https://www.consignatarias.com.ar/productividad/neuquen/confluencia,true,2026-09-18T03:09:18.201Z
https://www.consignatarias.com.ar/productividad/neuquen/huiliches,PASS,Enviada e indexada,ALLOWED,INDEXING_ALLOWED,SUCCESSFUL,2026-09-17T08:35:55Z,https://www.consignatarias.com.ar/productividad/neuquen/huiliches,https://www.consignatarias.com.ar/productividad/neuquen/huiliches,true,2026-09-18T03:09:19.991Z
https://www.consignatarias.com.ar/productividad/neuquen/lacar,PASS,Enviada e indexada,ALLOWED,INDEXING_ALLOWED,SUCCESSFUL,2026-09-16T05:06:33Z,https://www.consignatarias.com.ar/productividad/neuquen/lacar,https://www.consignatarias.com.ar/productividad/neuquen/lacar,true,2026-09-18T03:09:20.060Z
https://www.consignatarias.com.ar/productividad/neuquen/loncopue,NEUTRAL,Google no reconoce esta URL,ROBOTS_TXT_STATE_UNSPECIFIED,INDEXING_STATE_UNSPECIFIED,PAGE_FETCH_STATE_UNSPECIFIED,,,,,2026-09-18T03:09:21.577Z
https://www.consignatarias.com.ar/productividad/neuquen/los-lagos,NEUTRAL,Descubierta: actualmente sin indexar,ROBOTS_TXT_STATE_UNSPECIFIED,INDEXING_STATE_UNSPECIFIED,PAGE_FETCH_STATE_UNSPECIFIED,,,,,2026-09-18T03:09:24.786Z
https://www.consignatarias.com.ar/productividad/neuquen/minas,PASS,Enviada e indexada,ALLOWED,INDEXING_ALLOWED,SUCCESSFUL,2026-09-16T23:47:58Z,https://www.consignatarias.com.ar/productividad/neuquen/minas,https://www.consignatarias.com.ar/productividad/neuquen/minas,true,2026-09-18T03:09:26.169Z
https://www.consignatarias.com.ar/productividad/neuquen/norquin,NEUTRAL,Descubierta: actualmente sin indexar,ROBOTS_TXT_STATE_UNSPECIFIED,INDEXING_STATE_UNSPECIFIED,PAGE_FETCH_STATE_UNSPECIFIED,,,,,2026-09-18T03:09:26.519Z
https://www.consignatarias.com.ar/productividad/neuquen/pehuenches,PASS,Enviada e indexada,ALLOWED,INDEXING_ALLOWED,SUCCESSFUL,2026-09-17T21:35:15Z,https://www.consignatarias.com.ar/productividad/neuquen/pehuenches,https://www.consignatarias.com.ar/productividad/neuquen/pehuenches,true,2026-09-18T03:09:27.897Z
https://www.consignatarias.com.ar/productividad/neuquen/picun-leufu,NEUTRAL,Descubierta: actualmente sin indexar,ROBOTS_TXT_STATE_UNSPECIFIED,INDEXING_STATE_UNSPECIFIED,PAGE_FETCH_STATE_UNSPECIFIED,,,,,2026-09-18T03:09:31.175Z
https://www.consignatarias.com.ar/productividad/neuquen/picunches,NEUTRAL,Descubierta: actualmente sin indexar,ROBOTS_TXT_STATE_UNSPECIFIED,INDEXING_STATE_UNSPECIFIED,PAGE_FETCH_STATE_UNSPECIFIED,,,,,2026-09-18T03:09:32.513Z
https://www.consignatarias.com.ar/productividad/neuquen/zapala,NEUTRAL,Descubierta: actualmente sin indexar,ROBOTS_TXT_STATE_UNSPECIFIED,INDEXING_STATE_UNSPECIFIED,PAGE_FETCH_STATE_UNSPECIFIED,,,,,2026-09-18T03:09:32.693Z
https://www.consignatarias.com.ar/productividad/rio-negro/adolfo-alsina,NEUTRAL,Descubierta: actualmente sin indexar,ROBOTS_TXT_STATE_UNSPECIFIED,INDEXING_STATE_UNSPECIFIED,PAGE_FETCH_STATE_UNSPECIFIED,,,,,2026-09-18T03:09:34.070Z
https://www.consignatarias.com.ar/productividad/rio-negro/avellaneda,NEUTRAL,Descubierta: actualmente sin indexar,ROBOTS_TXT_STATE_UNSPECIFIED,INDEXING_STATE_UNSPECIFIED,PAGE_FETCH_STATE_UNSPECIFIED,,,,,2026-09-18T03:09:37.498Z
https://www.consignatarias.com.ar/productividad/rio-negro/bariloche,PASS,Enviada e indexada,ALLOWED,INDEXING_ALLOWED,SUCCESSFUL,2026-08-30T01:02:33Z,https://www.consignatarias.com.ar/productividad/rio-negro/bariloche,https://www.consignatarias.com.ar/productividad/rio-negro/bariloche,true,2026-09-18T03:09:38.693Z
https://www.consignatarias.com.ar/productividad/rio-negro/conesa,PASS,Enviada e indexada,ALLOWED,INDEXING_ALLOWED,SUCCESSFUL,2026-09-17T09:41:09Z,https://www.consignatarias.com.ar/productividad/rio-negro/conesa,https://www.consignatarias.com.ar/productividad/rio-negro/conesa,true,2026-09-18T03:09:38.986Z
https://www.consignatarias.com.ar/productividad/rio-negro/el-cuy,PASS,Enviada e indexada,ALLOWED,INDEXING_ALLOWED,SUCCESSFUL,2026-08-30T01:52:01Z,https://www.consignatarias.com.ar/productividad/rio-negro/el-cuy,https://www.consignatarias.com.ar/productividad/rio-negro/el-cuy,true,2026-09-18T03:09:40.465Z
https://www.consignatarias.com.ar/productividad/rio-negro/general-roca,NEUTRAL,Descubierta: actualmente sin indexar,ROBOTS_TXT_STATE_UNSPECIFIED,INDEXING_STATE_UNSPECIFIED,PAGE_FETCH_STATE_UNSPECIFIED,,,,,2026-09-18T03:09:43.728Z
https://www.consignatarias.com.ar/productividad/rio-negro/norquinco,NEUTRAL,Google no reconoce esta URL,ROBOTS_TXT_STATE_UNSPECIFIED,INDEXING_STATE_UNSPECIFIED,PAGE_FETCH_STATE_UNSPECIFIED,,,,,2026-09-18T03:09:44.925Z
https://www.consignatarias.com.ar/productividad/rio-negro/nueve-de-julio,NEUTRAL,Descubierta: actualmente sin indexar,ROBOTS_TXT_STATE_UNSPECIFIED,INDEXING_STATE_UNSPECIFIED,PAGE_FETCH_STATE_UNSPECIFIED,,,,,2026-09-18T03:09:45.284Z
https://www.consignatarias.com.ar/productividad/rio-negro/pichi-mahuida,NEUTRAL,Descubierta: actualmente sin indexar,ROBOTS_TXT_STATE_UNSPECIFIED,INDEXING_STATE_UNSPECIFIED,PAGE_FETCH_STATE_UNSPECIFIED,,,,,2026-09-18T03:09:46.701Z
https://www.consignatarias.com.ar/productividad/rio-negro/pilcaniyeu,NEUTRAL,Descubierta: actualmente sin indexar,ROBOTS_TXT_STATE_UNSPECIFIED,INDEXING_STATE_UNSPECIFIED,PAGE_FETCH_STATE_UNSPECIFIED,,,,,2026-09-18T03:09:49.983Z
https://www.consignatarias.com.ar/productividad/rio-negro/san-antonio,PASS,Enviada e indexada,ALLOWED,INDEXING_ALLOWED,SUCCESSFUL,2026-09-14T20:56:14Z,https://www.consignatarias.com.ar/productividad/rio-negro/san-antonio,https://www.consignatarias.com.ar/productividad/rio-negro/san-antonio,true,2026-09-18T03:09:51.173Z
https://www.consignatarias.com.ar/productividad/rio-negro/valcheta,NEUTRAL,Descubierta: actualmente sin indexar,ROBOTS_TXT_STATE_UNSPECIFIED,INDEXING_STATE_UNSPECIFIED,PAGE_FETCH_STATE_UNSPECIFIED,,,,,2026-09-18T03:09:51.489Z
https://www.consignatarias.com.ar/productividad/rio-negro/veinticinco-de-mayo,PASS,Enviada e indexada,ALLOWED,INDEXING_ALLOWED,SUCCESSFUL,2026-09-11T22:40:34Z,https://www.consignatarias.com.ar/productividad/rio-negro/veinticinco-de-mayo,https://www.consignatarias.com.ar/productividad/rio-negro/veinticinco-de-mayo,true,2026-09-18T03:09:53.041Z
https://www.consignatarias.com.ar/productividad/salta/anta,NEUTRAL,Descubierta: actualmente sin indexar,ROBOTS_TXT_STATE_UNSPECIFIED,INDEXING_STATE_UNSPECIFIED,PAGE_FETCH_STATE_UNSPECIFIED,,,,,2026-09-18T03:09:56.155Z
https://www.consignatarias.com.ar/productividad/salta/cachi,NEUTRAL,Descubierta: actualmente sin indexar,ROBOTS_TXT_STATE_UNSPECIFIED,INDEXING_STATE_UNSPECIFIED,PAGE_FETCH_STATE_UNSPECIFIED,,,,,2026-09-18T03:09:57.290Z
https://www.consignatarias.com.ar/productividad/salta/cafayate,NEUTRAL,Descubierta: actualmente sin indexar,ROBOTS_TXT_STATE_UNSPECIFIED,INDEXING_STATE_UNSPECIFIED,PAGE_FETCH_STATE_UNSPECIFIED,,,,,2026-09-18T03:09:57.739Z
https://www.consignatarias.com.ar/productividad/salta/candelaria,PASS,Enviada e indexada,ALLOWED,INDEXING_ALLOWED,SUCCESSFUL,2026-09-13T22:41:25Z,https://www.consignatarias.com.ar/productividad/salta/candelaria,https://www.consignatarias.com.ar/productividad/salta/candelaria,true,2026-09-18T03:09:59.380Z
https://www.consignatarias.com.ar/productividad/salta/cerrillos,PASS,Enviada e indexada,ALLOWED,INDEXING_ALLOWED,SUCCESSFUL,2026-09-17T00:40:30Z,https://www.consignatarias.com.ar/productividad/salta/cerrillos,https://www.consignatarias.com.ar/productividad/salta/cerrillos,true,2026-09-18T03:10:02.525Z
https://www.consignatarias.com.ar/productividad/salta/chicoana,PASS,Enviada e indexada,ALLOWED,INDEXING_ALLOWED,SUCCESSFUL,2026-09-16T15:53:23Z,https://www.consignatarias.com.ar/productividad/salta/chicoana,https://www.consignatarias.com.ar/productividad/salta/chicoana,true,2026-09-18T03:10:03.608Z
https://www.consignatarias.com.ar/productividad/salta/general-guemes,NEUTRAL,Descubierta: actualmente sin indexar,ROBOTS_TXT_STATE_UNSPECIFIED,INDEXING_STATE_UNSPECIFIED,PAGE_FETCH_STATE_UNSPECIFIED,,,,,2026-09-18T03:10:04.162Z
https://www.consignatarias.com.ar/productividad/salta/general-jose-de-san-martin,NEUTRAL,Descubierta: actualmente sin indexar,ROBOTS_TXT_STATE_UNSPECIFIED,INDEXING_STATE_UNSPECIFIED,PAGE_FETCH_STATE_UNSPECIFIED,,,,,2026-09-18T03:10:05.508Z
https://www.consignatarias.com.ar/productividad/salta/guachipas,PASS,Enviada e indexada,ALLOWED,INDEXING_ALLOWED,SUCCESSFUL,2026-08-30T01:05:40Z,https://www.consignatarias.com.ar/productividad/salta/guachipas,https://www.consignatarias.com.ar/productividad/salta/guachipas,true,2026-09-18T03:10:08.701Z
https://www.consignatarias.com.ar/productividad/salta/iruya,PASS,Enviada e indexada,ALLOWED,INDEXING_ALLOWED,SUCCESSFUL,2026-09-16T03:07:22Z,https://www.consignatarias.com.ar/productividad/salta/iruya,https://www.consignatarias.com.ar/productividad/salta/iruya,true,2026-09-18T03:10:10.032Z
https://www.consignatarias.com.ar/productividad/salta/la-caldera,NEUTRAL,Descubierta: actualmente sin indexar,ROBOTS_TXT_STATE_UNSPECIFIED,INDEXING_STATE_UNSPECIFIED,PAGE_FETCH_STATE_UNSPECIFIED,,,,,2026-09-18T03:10:10.584Z
https://www.consignatarias.com.ar/productividad/salta/la-capital,NEUTRAL,Descubierta: actualmente sin indexar,ROBOTS_TXT_STATE_UNSPECIFIED,INDEXING_STATE_UNSPECIFIED,PAGE_FETCH_STATE_UNSPECIFIED,,,,,2026-09-18T03:10:11.763Z
https://www.consignatarias.com.ar/productividad/salta/la-poma,NEUTRAL,Descubierta: actualmente sin indexar,ROBOTS_TXT_STATE_UNSPECIFIED,INDEXING_STATE_UNSPECIFIED,PAGE_FETCH_STATE_UNSPECIFIED,,,,,2026-09-18T03:10:14.974Z
https://www.consignatarias.com.ar/productividad/salta/la-vina,NEUTRAL,Descubierta: actualmente sin indexar,ROBOTS_TXT_STATE_UNSPECIFIED,INDEXING_STATE_UNSPECIFIED,PAGE_FETCH_STATE_UNSPECIFIED,,,,,2026-09-18T03:10:16.230Z
https://www.consignatarias.com.ar/productividad/salta/metan,NEUTRAL,Descubierta: actualmente sin indexar,ROBOTS_TXT_STATE_UNSPECIFIED,INDEXING_STATE_UNSPECIFIED,PAGE_FETCH_STATE_UNSPECIFIED,,,,,2026-09-18T03:10:17.058Z
https://www.consignatarias.com.ar/productividad/salta/molinos,PASS,Enviada e indexada,ALLOWED,INDEXING_ALLOWED,SUCCESSFUL,2026-09-15T18:32:37Z,https://www.consignatarias.com.ar/productividad/salta/molinos,https://www.consignatarias.com.ar/productividad/salta/molinos,true,2026-09-18T03:10:18.210Z
https://www.consignatarias.com.ar/productividad/salta/oran,NEUTRAL,Descubierta: actualmente sin indexar,ROBOTS_TXT_STATE_UNSPECIFIED,INDEXING_STATE_UNSPECIFIED,PAGE_FETCH_STATE_UNSPECIFIED,,,,,2026-09-18T03:10:21.151Z
https://www.consignatarias.com.ar/productividad/salta/rivadavia,NEUTRAL,Descubierta: actualmente sin indexar,ROBOTS_TXT_STATE_UNSPECIFIED,INDEXING_STATE_UNSPECIFIED,PAGE_FETCH_STATE_UNSPECIFIED,,,,,2026-09-18T03:10:22.405Z
https://www.consignatarias.com.ar/productividad/salta/rosario-de-la-frontera,NEUTRAL,Descubierta: actualmente sin indexar,ROBOTS_TXT_STATE_UNSPECIFIED,INDEXING_STATE_UNSPECIFIED,PAGE_FETCH_STATE_UNSPECIFIED,,,,,2026-09-18T03:10:23.402Z
https://www.consignatarias.com.ar/productividad/salta/rosario-de-lerma,PASS,Enviada e indexada,ALLOWED,INDEXING_ALLOWED,SUCCESSFUL,2026-09-17T01:06:54Z,https://www.consignatarias.com.ar/productividad/salta/rosario-de-lerma,https://www.consignatarias.com.ar/productividad/salta/rosario-de-lerma,true,2026-09-18T03:10:24.517Z
https://www.consignatarias.com.ar/productividad/salta/san-carlos,NEUTRAL,Rastreada: actualmente sin indexar,ALLOWED,INDEXING_STATE_UNSPECIFIED,SUCCESSFUL,2026-09-15T17:04:53Z,,,,2026-09-18T03:10:27.366Z
https://www.consignatarias.com.ar/productividad/salta/santa-victoria,NEUTRAL,Descubierta: actualmente sin indexar,ROBOTS_TXT_STATE_UNSPECIFIED,INDEXING_STATE_UNSPECIFIED,PAGE_FETCH_STATE_UNSPECIFIED,,,,,2026-09-18T03:10:28.765Z
https://www.consignatarias.com.ar/productividad/san-juan/calingasta,NEUTRAL,Google no reconoce esta URL,ROBOTS_TXT_STATE_UNSPECIFIED,INDEXING_STATE_UNSPECIFIED,PAGE_FETCH_STATE_UNSPECIFIED,,,,,2026-09-18T03:10:29.591Z
https://www.consignatarias.com.ar/productividad/san-juan/caucete,NEUTRAL,Descubierta: actualmente sin indexar,ROBOTS_TXT_STATE_UNSPECIFIED,INDEXING_STATE_UNSPECIFIED,PAGE_FETCH_STATE_UNSPECIFIED,,,,,2026-09-18T03:10:30.867Z
https://www.consignatarias.com.ar/productividad/san-juan/iglesia,NEUTRAL,Descubierta: actualmente sin indexar,ROBOTS_TXT_STATE_UNSPECIFIED,INDEXING_STATE_UNSPECIFIED,PAGE_FETCH_STATE_UNSPECIFIED,,,,,2026-09-18T03:10:33.527Z
https://www.consignatarias.com.ar/productividad/san-juan/jachal,NEUTRAL,Descubierta: actualmente sin indexar,ROBOTS_TXT_STATE_UNSPECIFIED,INDEXING_STATE_UNSPECIFIED,PAGE_FETCH_STATE_UNSPECIFIED,,,,,2026-09-18T03:10:34.867Z
https://www.consignatarias.com.ar/productividad/san-juan/sarmiento,PASS,Enviada e indexada,ALLOWED,INDEXING_ALLOWED,SUCCESSFUL,2026-09-13T01:44:28Z,https://www.consignatarias.com.ar/productividad/san-juan/sarmiento,https://www.consignatarias.com.ar/productividad/san-juan/sarmiento,true,2026-09-18T03:10:36.010Z
